firmenId,firma,firmaQuelle
10,Kriner und Schmidt,"Krinner und Schmid, Krimer und Schmid, Khrimer und Schmid, Krinner und Schmid, Krienner und Schmid, Krünner und Schmid, Cruner und Schmid, Khrümer und Schmid, Krümer und Schmid"
9,Johann Nöstl sel. Witwe,Johann Nöstl sel. wittib
8,Hess und Tech,"Hesse und Tech, Hess und Tech, Heess und Tech"
7,Gmainer sel. Erben,hr. Gmainers seel. erben
6,Gindl und Hink,Gindl und Hinkh
5,Gebrüder Martinelli,"fratelli Martinelli, gebrüeder Martinelle, fratelli et Martinelli, frandelli Martinelli"
4,Fünfer und Pränkl,Fünffer und Pränkhl
3,Depra Ducrue & Co.,"Depra Duxrue et comp., Depro du Frie et comp."
2,Claudius Clerr sel. Erben,Claudi Clerr seel. erben
21,Föhr und Wanner,"Föhr und Wanner, Föhr und Wahner, Föhr und und Wanner, Führ und Wahner"
1,Anton Hölzl & Co.,Antoni Hölzl et compagnia
13,Primier Witwe und Kopp,Brimers wittib und Kopp
15,Kreidemann und Liebert,"Kreidenmann und Liebert, Kreideman und Liebert"
16,Heinrich Krochmann & Co.,"Hainrich Krochmann et comp., Krochmann et comp., Krochman et compag."
17,Matthias Kessler sel. Witwe,Matthias Kösslers seel. wittib
18,Coith und Korb,Coith und Korb
19,Berlin und Reichhard,Berlin und Weichhard
11,Orientalische Kompanie,"kay. privilegirt orientallische comp., oriental. comp."
123,Facius und Merl,"Facio et Merl, Facie et Merl, Facie Merl, Fascho Mere, Facio Mere, Foieck und Merle, Foiecha et Merl, Foieta Merl, Farela e Merla, Foin Merl"
20,Perinet und Falquet,"Perinet et Falquet, Berinet et Falquet, Berinet Falquet"
22,Philipp Gundian sel. Erben,"Phillipp Gundians seel. erben, Phillipp Gundians"
23,Ruffini & Co.,"Ruffini et compagnia, Luffini et comp., Roffini et compag."
24,Primier Witwe & Co.,"Primiers wittib et comp., Brimiers seel. wittib, Prümmers seel. wittib"
25,Rad und Hößlin,"Rad und Hößlin, Rad und Höslin, Rath und Höslin, Rad und Heslin, Rad unnd Hösling, Rad unnd Röslin, Prad unnd Höslin, Brad unnd Höslin"
26,Rauner und Münch,"Rauner und Minich, Rauner und Minih"
27,Rausch und Lang,Rausch und Lang
28,Stockinger und Eberhard,Stockinger und Eberhard
29,"Thorin, Arbaur & Co.",Thoin Arbaur et comp.
31,Cimarolli und Martinelli,"Cimeroli et Martinelli, Zimeroli et Martinelli, Zimeroli Martinelli"
32,Cimarolli und Zuana,Zimeroli et Zuanna
33,Bormastini und Butterna,"Bormastini und Wutterna, Bormastini und Wuderna, Pormastini et Watterna, Pormostini et Wutterna, Burmastini et Buterna, Burmastini et Nutterna"
34,Mayr und Miller,"Mayr und Miller, Mayr und Millner"
69,Paul Schedlberger sel. Witwe,"Paul Schedlbergers wittib, Paul Schedlbergers seel. wittib"
37,"Passy, Decret & Co.","Passy Decert et compag., Bassy Decert et comp., Bassy Decert et compag."
71,Johann Friedrich Werti sel. Witwe,Johann Friderich Werti sel. wittib
41,Bosquet und Abria,Bosquet et Abrie
42,Wernberger & Co.,"Wernberger et comp., Wernberger et compag."
43,Göbl und Riedl,"Göbl und Riedl, Gebl und Riedl"
44,Wenzl und Preissl,"Wenzl und Preissl, Wenzl Preissl, Wenceslaus Preinsl"
45,Jakob Koller sel. Witwe,Jacob Kollers seel. wittib
46,Rick und Peck,Rikh und Beck
47,Schlüter und Happach,"Schlitter und Habbach, Schlitterer und Happach, Schlütter und Happach, Habbach und Schlitter, Happach und Schlitter, Schlütter und Habbach, Häppach und Schlüter"
48,Gebrüder Palm,"gebrüeder Palm, Palm gebrüeder, gebrüeder v. Palm, gebrüder v. Pallm, gebrüeder v. Pallen, gebrüeder Pallen, kay. kupfer adminis. gebrüeder Palm, gebrider von Pallm"
49,Peter Eder sel. Witwe,Peter Eders seel. wittib
50,Wicky und Huber,Wikhi und Hueber
51,Philipp Nissolo & Co.,"Phillipp Nissolo et Comp., Phillipp Nisolo et Comp., Phillipp Nisolo et Compag., Pilippo Nicolo et Comp."
52,Seemann und Lechner,Seeman und Lechner
53,Kreidemann & Co.,Kreidenman et consort.
54,Georg Wöss & Co.,Georg Wöss et cons.
55,Matthias Dorfwirt & Co.," Matthias Dorffwürth et consort., Matthias Dorffwürth et consortes"
56,Heinrich Pracher & Co.,Heinrich Pracher et consortes
57,Gebrüder Gutermann,"die gebrüeder Gueterman, gebrüeder Gueterman, gebrieder Guetermann"
58,Miller und Vorget,"Miller und Vorget, Vorget und Miller, Millner und Vorget, Müller und Vorgeth, Müllner et Vorgeth, Müller und Värguet, Miller und Borquet"
59,Johann Hofmann sel. Erben,Johann Hofmann seel. erben
60,Miller und Wieland,"Miller und Wielland, Müller und Wiellandt, Millner und Wielland"
61,Schöberl und Preindl,"Schöberl und Preindl, Schöberl und Prendl, Schöberl und Prindl, Schöberl und Preundl, Schoberl und Breindl, Schebel und Preindl, Schöberl und Preidl, Schweberl und Preindl"
62,Wenzl & Co.,Wenzl et comp.
63,Gebrüder Buirette,"Gebrüeder Buirette, Gebrüeder Buiretti, Buirette Gebrüeder, Bierette Gebrüeder, Buiretto Gebrüeder"
64,Georg Fagerer sel. Erben,Georg Fagerer seel. erben
65,Johann Georg Winter sel. Erben,"Johann Georg Winters sel. erben, Johann Georg Wündters seel. erben"
66,Schmidhammer & Co.,Schmidhamer et cons.
67,Ferdinand Wührer & Co.,Ferdinand Wührer et comp.
68,Klinger und Hueth,Klinger und Hueth
72,Christoph Müller & Co.,Chrüstoph Müller et comp.
73,Paul Karl Rois sel. Witwe,"Paul Carl Royss seel. wittib, Paul Carl Roys seel. wittib"
74,Sebastian Pühringer sel. Erben,"Sebastian Pühringers seel. erben, Sebastian Pühringers erben"
75,Philipp Gundian sel. Witwe,"Phillipp Gundian seel. Wittib, Gundians seel. Wittib, H: Gundian see: Wittib"
76,Georg Christoph Sindt sel. Witwe,"Georg Chrüstoph Sündt seel. wittib, Georg Chrüstoph Sindt seel. wittib, Georg Christoph Sindt seel. wittib"
77,Melsheimer und Güll,"Melsheimer und Gillen, Melsheimer und Güllen, Melsheimber und Güll, Mellsheimer unnd Güllen"
78,Beham und Pfefferl,"Behamb und Pfefferls, Perhamb und Pfefferl, Behamb und Pfefferle, Pehmab und Pfefferler, Behambe und Pfeffner"
79,Lalle und Guerin,"Lattet et Guerin, Lalle et Gverin"
80,Johann Jaccoud und Ghezzi,"Jaccoud Ghezzi, Johann Jaccoud und Ghezzi, Johann Jaccoud Ghezzi, Johann Jacob Ghezzi, Johannes Jaccoud et Ghezzi, Joh. Jourd. und Phazzi, Johann Quocaud et Ghezzi"
81,Georg Dempf sel. Erben,Georg Dempff seel. erben
82,Johann Franz Cleas sel. Erben,"Johann Franz Cleas sel. erben, Joh. Franz Cleos seel. erbn"
83,Georg Neuner & Co.,"Georg Neüner et cons., Georg Neüner et consortes"
84,Dallensteiner & Co.,"Dolnstainer et comp., Dolnstainer et cons."
192,Peumbl und Herndl,Peuml und Herndl
86,Bozzi und Tribaumer,"Pozzi und Tripamer, Pozzi und Tribaumer, Pozzi und Tripaner, Pozzi und Tripaumer, Pozzio und Tripamer, Pazzi und Tripamer, Poti und Tripamer, Potti und Tripaumer, Bozzi und Tripamer"
87,Wernberger und Geiger,"Wernberber und Geiger, Bernberger unnd Geiger, Herrnberger und Geiger"
88,Johann Pöhr und Simon Pöhr,"Hannß und Simon Böhr, Johann und Simon Puehr, Hans et Simon Puehr"
89,Andre Brentano & Co.,"Andrae Praentano et Comp., Andre Brenton et Comp., Andre Benton et Comp."
90,Zäßlein und Forsch,"Zössling und Forsch, Zössling und Forst, Zeischin und Forsch, Zeislin und Forsch, Zössling und Frosch, Zössling Först, Väslin und Forsch, Zösslin und Forsch"
91,Böller und Wollsdorf,Böller und Wollstorf
94,Dohm und Ely,"Dom und Ely, Dohm Ely, Dohnn und Ely, Dohm et Ely, Dohn und Ely, Dohon Ely, Don und Elly, Donn und Ely, Dohrn und Elei"
95,Farovino & Co.,"Farovino et compag., Farovine et comp., Ferovino et comp., Favorino et compag."
96,Thorn d.J. & Co.,"Thorn der jüngere et comp., Thorn der jüngere et compag."
97,Felbinger und Mezger,"Delbinger und Mezger, Belbinger und Wuzger, Felbinger [Jelbinger?] und Mezger"
1587,Lazarus Heimerl und Prunner,Lazaro Heimerl und Pruner
99,Matthias Bierling & Co.,Matthias Pielling et consortes
100,Georg Finale & Co.,"Georg Final et comp., Georg Finale et comp."
102,Christoph Haas sel. Sohn,Chrüstoph Haaß seel. sohn
103,Piecchenini und Rotta,"Becheniny et Rotta, Pichenini et Roda"
104,Paul Leeb sel. Erben,Paul Leeb seel. erben
105,Hochmayr und Lang,Hochmayr und Lang
106,Rachel und Riedl,"Rachel und Riedl, Rochael und Riedl, Rachl und Riedl"
107,Kaspar Weikerl & Co.,"Caspar Weikerl et cons., Caspar Welkherle et consort."
108,Weigl & Co.,Weigl et comp.
110,Weyd und Knaus,"Wayd und Knauss, Weyd und Knaus, Weydt und Graus, Weydt und Knaus"
111,Franz Scheffermayr & Co.,Franz Scheffermayr et consortes
112,Salliet und Orset,"Sallirt et Orsset, Sallirt und Orsset"
113,Phillibert und de L'Espine,"Phillibert et Lespine, Philibert et Lespine, Phillipert Delespine, Philibert Deck Espinae"
115,Manfre Zuana sel. Erben,Monfre Zuanna seel. erben
116,Schwanesini und Gritti,"Schwonessini et Gritti, Schwanessini et Gritti, Schwanesin und Gritti, Bonessini et Gritti, Sbonessini et Gritti, Sponessini et Gritti"
117,Strempfl und Ritschl,"Stempfl und Ritschl, Strempfl und Ritschl, Strempfl und Ritschell"
118,Gebrüder Bernini,"gebrüeder Bernini, gebrüeder de Bernini"
119,Stippl & Co.,"Stüppl und compagnie; Stippl et compag.; Stepl et compagnie, Stippl et compagnia"
120,Mitschler und Häder,"Mitschler und Häder, Mütschler und Häder, Mutschler und Hayder, Mutschler und Häderer, Wütschler und Häder"
121,Tobias Rezer sel. Witwe,Tobias Rezer seel. wittib
122,Claudius Rou sel. Witwe,"Claudi Rou seel. wittib, Claudi Rau seel. wittib"
124,Riemer und Miller,"Riemer und Miller, Riemer und Müller, Rienner und Millner, Wienner und Millner"
125,Andre Wispointner & Co.,Anree Wispainter et cons.
126,Peter Ducrue & Co.,"Peter Duxue et comp., Peter Duxrue et comp., Peter Durüe et comp., Peter du Cruet et comp."
128,Heinrich Dressel & Co.,Hainrich Dreßl et comp.
130,Butterna und Maurer,"Wutternä und Maurer, Wuterna und Maurer, Sutterna und Maurer"
131,Gebrüder Greiff,"gebrüeder Greiff, gebrieder Greiff, freres Greiff"
132,Duboin & Co.,Duboin et comp.
135,Koller sel. Erben,"hr. Kollers sel. erben, hr. Kollerer sel. erben, Kollerische erben"
136,Göschl und Gläser,Göschl und Gläser
137,Sebastian Baumann sel. Erben,"Sebastian Paumann seel. erben, Sebastian Paumans seel. erben"
138,Wolf Jammerpaur sel. Erben,"Wolf Jammerpaur sel. erben, Wolf Jamerpaur sel. erben"
139,Bernhard Martinelli und Gebrüder ,"Bernhard gebrüeder Martinelli, Bernhart fradelli Martinelli"
528,Dallensteiner und Hinkl,Dollnstainer und Hünkl
141,Lobenhofer und Walter,"Lobmhofer und Walther, Lobenhofer und Walther, Lobenhofer et Walder, Lanhofer und Walther"
143,Wandaller und Gundian,Wandaller und Gundian
145,Preu und Scheidlin,"Preu und Scheidlein, Preu und Schindlin"
146,Franz Jakob Fehrner sel. Erben,Franz Jacob Fehrner seel. erben
147,Paul Leeb sel. Witwe,Paul Leeb seel. wittib
148,Bartholomäus Prunner sel. Witwe,Bartlme Pruner seel. wittib
149,Gebrüder Rappatsch,"Röppätsch gebrüeder, Räppätsch gebrüeder, gebrüeder Rappatsch"
150,Gabriel Paumgartner sel. Erben,"Gabriel Paumgartner seel. erben, Gabriel Paumgarthners seel. erben"
151,Franz Glas und Schmid,Franz Glas und Schmid
152,Stephan Paul sel. Witwe,Stephan Pauls seel. wittib
153,Jakob Koller sel. Erben,"Jacob Kholler seel. erben, Jacob Koller seel. erben, Jacob Kollners seel. erben"
154,Leopold Lechner sel. Witwe,Leopold Lechners seel. wittib
155,Schlesinger und Gebrüder,Schlesinger und gebrüeder
156,Johann Gischet sel. Erben,Johann Gischet sel. erben
157,Schmid und Scheidlin,Schmid und Scheidlin
158,Hoppe und Aicher,"Hoppe und Aicher, Hoppan und Aicher, Hopp und Aucher, Heppe und Aicher, Höpp und Aicher, Hoppe und Eicher"
159,Trevano und Consoni,"Trevano et Consoni, Tevanno et Consoni, Trevanno et Consoni"
191,Segalla und Bigognini,"Segolla et Bigogori, Segola et Bigonini, Segola und Bigongini, Segalla et Bigognini, Seballa und Bigognini, Segalla et Bingingini"
161,Stephan Herzog und Anna Maria Pergerin,Stephan Hörzog und Anna Maria Pergerin
162,Christoph Pichler und Matthias Kögl,Chrüstoph Pichler und Matthias Kögl
163,Fingerlin und Brandhofer,"Fingerlin und Brandhofer, Fingerlin und Brangottur, Fingerlin und Prandhoffer"
165,Bartholomäus Schneider & Co.,Bartlme Schneider et cons.
166,Fuchs und Leypold,"Fuchs und Leypold, Fuchs und Leybold, Fuchs und Leyboldt"
167,Johann Friedrich Schreyer sel. Erben,Johann Friderich Schreyers seel. erben
168,Grienerwald und Becker,Grienerwald und Becker
169,Munier und Ruffini,"Munier et Ruffini, Meuniert et Ruffini"
170,Christoph Löschenkohl sel. Erben,Christoph Löschenkohls seel. erben
171,Isenflamm und Küner,"Isenflam und Küner, Isenflamb und Küner"
173,Wirt zu Aichberg & Co.,"würth zu Aichberg et cons., wührt zu Aichberg et comp."
174,Johann Aichinger sel. Witwe,Johann Aichingers wittib
175,Johann Aichinger sel. Erben,Johann Aichingers seel. erben
176,Merz und Mayr,"Merz und Mayr, Meez und Mayr"
457,Franz Cleas sel. Erben,Franz Cleas seel. erben
179,Passy und Decret,"Passy Decert, Passy Deceret, Pasoy Decert, Passa Decert, Pasey Decert, Passius Decret"
180,Gregor Peck & Co.,Gregori Pekh et comp.
189,Magoni & Co.,Magoni et comp.
182,Sebastian Kriegner & Co.,"Sebastian Krienger v. Rohrbach et compag., Sebastian Kriegner zu Rohrbach et cons., Seb. Krüegner et cons. v. Rohrbach"
183,Memler und Pfeiffer,Memler und Pfeiffer
185,Sebastian Vetter sel. Erben,Sebastian Vetters seel. erben
186,Johann Andre Endter sel. Erben,"Johann Andree Endters sel. erben, Johann Andrae Endter sel. erben"
187,Leopold Lämpl und Primus Plazer,Leopold Lämpl und Brimus Plazer
188,Breunlein und Reinhard,Preunlein und Reinhard
190,Bartholomäi & Sohn,"Bortholomäi et sohn, Bartholomaei et sohn, Bartlme sohn"
193,Lorenz Le Comte und Peter Le Comte,"Lorenz und Peter Le Comte, Lorenz und Peter Lee Comte"
194,Leithner und Berghofer,"Leithner und Perckofer, Leitner und Perckhofer, Leithner und Berghofer, Leuthner und Berkofer"
195,Mandlmayr und Klöckl,"Mandlmayr und Klökhl, Modlmayr und Klökhl, Moldlmayr und Klökhl, Mottermayr und Glökhl, Mottelmayr und Klögl"
196,Schöberl und Weiss,"Schöber und Weiss, Schöberl und Weiss"
197,Franz Jakob Fehrner sel. Witwe,"Franz Jacob Fehrners seel. wittib, Franz Jacob Ferner seel. wittib"
198,Valle und Frandegsho,Valle et Frandegsho
200,Eisenreich und Conradi,"Eysenreich und Conradi, Eysenreich und Conrati, Eysenreich und Consaldi"
201,Roux sel. Witwe,Roux seel. wittib
202,Gebrüder Bolza,gebrüeder Bolza
356,Lämer und Fünfer,Lämer und Fünffer
486,Guter und Wegleithner,Gueter und Wegleithner
205,Rappatsch und Sturm,"Räppätsch und Stiermb, Räppätsch und Stuermb, Räppitsch unnd Stiermb, Radtpätsch unnd Stürmb, Räpätsch und Stiermb, Räppätsch und Strumb, Rappatsch und Stierumb, Räppätsch und Strümp "
206,Rappe und Aicher,Rappe und Aicher
207,Leopold Schedlberger sel. Witwe,Leopold Schedlbergers seel. wittib
208,Peisser und Rigotti,Peisser und Rigoti
209,Bartholomäus Plaz sel. Erben,"Bartlme Plaz seel. erbn, Bartlme Plazens seel. erbn, Bartlme Blaz see. erben"
210,Christoph Nagl & Co.,Chrüstoph Nagl et consortes
211,Paul Schedlberger sel. Erben,"Paul Schedlbergers seel. erben, Schedlbergers erben"
212,Mayr und Mayr,Mayr und Mayr
213,Johann Laimbrucher sel. Witwe,"Joh. Laimpruchers seel. wittib., Joh. Laimpruchers wittib"
214,Coith & Co.,Coith et compagnie
216,Johann Andre sel. Erben,Johann Anders sel. erben
218,Wilhelm und Selhammer,Wilhalbm und Selhamer
220,Butterna und Heimerl,"Butterna et Heimerl, Butterna und Heimekl, Butterna und Heymerl"
221,Arbaur & Co.,Arbaur et compagn.
641,Augustin Weiker sel. Witwe,Augustin Weikhers sel. wittib
223,Christoph Bergamin sel. Witwe,"Chrüstoph Bergamin seel. wittib, Christoph Bergman seel. wittib, Christoph Bergemin sel. wittib"
224,Christoph Fink sel. Witwe,Chrüstoph Finck seel. wittib
225,Hölzl & Co.,"hr. Hölzl et compag., Hölzl et compag."
226,Joseph Koller sel. Erben,Joseph Kollers seel. erben
227,Gschaider und Wischer,Gscheider und Wischer
228,Liebmann und Breither,Liebman et Breither
229,Christoph Redlich & Co.,Christoph Rödlich et cons.
230,Wagner und Payling,"Wagner und Payling, Wagner und Beyling, Wangner und Bayling, Wagner und Peyling, Wanger und Peyling, Wagner und Peylling, Wagner und Peyling, Wagner und Pagling"
231,Cimarolli und Moretti,Zimeroli Moreti
232,Sebastian Grübl & Sohn,"Sebastian Grüebl et sohn, Sebastian Grinbler et cons., Sebastian Grüebler et sohnn, Sebastian Griebler et sohn"
233,Riedl und Huth,"Riedl und Hueth, Rüedl und Hueth"
234,Leuthner und Lemberg,Leutner und Lemberg
235,Guetrater und Schalkhammer,"Guetrather und Schalkhamer, Guttrather et Schalckhamer"
236,Rausch sel. Witwe,"Rausch seel. wittib, Sausch seel. wittib"
237,Elias Damayr sel. Erben,Eliaß Damayr seel. erben
238,Wandaller & Co.,"Wandaller et compagnia, Wandaller et compag."
239,Georg Christoph Sindt sel. Erben,"Georg Chrüstoph Sind seel. erben, Georg Christoph Sinndt seel. erben"
240,Blommart & Co.,Blumart et compag.
241,Berlin und Ebermayr,Berlin und Ebermayr
242,Reber & Co.,Rebern et comp.
243,Karl Gerosa sel. Erben,"Carl Gerosa seel. erben, Carl Gerova seel. erben, Carl Berosa seel. erben"
387,Kaspar Koller sel. Erben,Caspar Koller seel. erben
246,Fognio und Mosero,Fognio et Mosero
247,Erhard Schuster sel. Erben,Ehrhard Schuesters seel. erben
248,Johann Fabichler sel. Erben,"Johann Fachpichler sel. Erben, Johann Fapichler sel. Erben"
249,Gabriel Egger sel. Witwe,Gabriel Eggers seel. wittib
250,Christoph Bergamin sel. Erben,Chrüstoph Bergamin seel. erben
251,Christoph Sindt sel. Witwe,Chrüstoph Sindt seel. wittib
252,Martin Strobl & Co.,Martin Strobl et comp.
253,Duovoisin und Silvester,Duovisin et Silvester
254,Zacharias Leeb sel. Erben,Zacharias Leeb seel. erben
255,Kaspar Würth sel. Erben,"Caspar Würth seel. erben, Caspar Würths seel. erben, Caspar Wiehrts sel. erbn"
256,Merz und Dengler,"Merz und Dengler, Merz und Degerle, Merz und Degrlin"
257,Finale Ducrue & Co.,Finale Duxrue et comp.
258,Adam Vogl und David Ostermayr,"Adam Vogl und David Ostermayr, Adam Vogl und Ostermayr"
259,Plettner und Schmidhammer,Pletner und Schmidhamer
260,Niklas Stock sel. Erben,Niclaß Stock seel. erben
261,Joseph Govillet & Co.,Joseph Govillet et comp.
262,Johann Gischet sel. Witwe,Johann Gischet sel. wittib
263,Joseph Bernini und Gebrüder,"Joseph und Gebrüeder v. Bernini, Joseph Gebrieder Bernini, Joseph und Gebrüeder Bernini, Joseph Gebrüeder Bernin, Joseph Gebrüeder Pernini, Joseph et Gebrüeder de Bernini, Joseph Gebrieder Bernin, Joseph Gebrüeder Bernini"
264,Paul Kienberger sel. Witwe,"Paul Kinberger seel. wittib, Paul Kienberger seel. wittib"
265,Balthasar Mörz & Co.,Balthaßar Mörz et cons.
266,Lammer und Klezl,"Lamer und Klezl, Lamer und Klazl, Hamer [?] und Klezl, Lamer und Kläzl"
268,Johann Paul Manz sel. Erben,"Johann Paul Manz seel. erben, Johann Paul Mänz seel. erben"
1583,Pilgram & Co.,Pilgramb et comp.
271,Lorenz Vollmayr sel. Erben,Lorenz Vollmayr seel. erben
272,Lochner und Paur,"Lachner und Paur, Locher und Paur, Lochner und Paur"
273,Tobias Kern & Co.,Tobias Kern et consortes
275,Joseph Scheuring & Co.,Joseph Scheuring et consortes
277,Beham und Gerdia,Pehamb und Gerdia
278,Brandegski und Pöttenberger,"Brandegski und Pöltenberger, Prandegski und Pettenberger, Brandegski und Böttenberger, Brandesky und Pletenberg"
280,Johann Tagger sel. Witwe,"Johann Tagger seel. wittib, Johann Agger seel. wittib"
282,Rausch sel. Erben,Rausch seel. erben
283,Gebrüder Greiff & Co.,gebrüeder Greiff et comp.
284,Georg Körger sel. Witwe,"Georg Körgers seel. wittib, Georg Kürgers seel. wittib"
287,Chini und Jäger,"Cechini et Jäger, Zichini und Jäger, Chini und Jäger"
288,Cestenze & Co.,Cestenze et comp.
290,Johann Tagger sel. Erben,"Johann Tagger seel. erben, Johann Tager seel. erben"
291,Ferdinand Vorauer und Heinrich Zöchpaur,Ferd. Vorauer und Hainrich Zöchbauer
292,Niklas Stadl sel. Erben,Niclaß Stadl seel. erben
293,Peter Conrad & Co.,Peter Conrad et comp.
294,Johann Friedrich Schmidhammer & Co.,"Johann Frider. Schmidhamer et cons., Johann Friderich Schmidhamer et cons."
295,Fecasati und Piro,Fecasati und Piro
296,Brentano und Martinelli ,"Braentani Martinelli, Brentano Martinelli, Braentano Martinelli, Braentano et Martinelle, Brentano et Martinelli, Praentano et Martinelli"
297,Duboin und Stephani,Duboin et Stephani
299,Kramer und Wellner,"Kramer und Wallner, Kramer und Wellner, Krammer und Weller"
355,Ludwig Koller sel. Witwe,Ludwüg Kollers seel. wittib
302,Johann Kaspar Bencard sel. Sohn,Joh. Caspar Bencard seel. sohn
303,Avenzin und Valle,"Avenzin et Valle, Avarzin et Valle"
305,Gundian sel. Erben,"Gundian seel. erben, hr. Gundian seel. erben, hr. Gundians seel. erben"
306,Joseph und Gebrüder Martinelli,Joseph und gebrüeder Martinelli
307,Moser & Co.,hr. Moser et comp.
309,Sebastian Wernberger und Geiger,Sebastian Wernberger und Geiger
310,Lorenz Thoma & Co.,Lorenz Thoma v. Aigen et consortes
311,Johann Philipp Hering & Sohn,Johann Phillipp Hering und sohn
312,Franz Mayrhofer & Co.,Franz Mayrhofer et cons.
314,Johann Winter sel. Erben,Johann Winter seel. erben
315,Reichard Mayrhofer & Co.,"Reichhard Mayrhofer et cons., Reichhardt Mayrhoffer et cons."
316,Johann Marina & Sohn,Johann Marina et sohn
317,Matthias Greipl & Co.,Matthias Greipl et cons.
318,Kraudi und Preister,Kraudi und Preister
319,Michael Gruber & Co.,Michael Grueber et cons.
320,Georg Haller und Jakob Müllner,Georg Haller und Jacob Müllner
321,Granet und Rauner,Granet et Rauner
322,Johann Baptist und Gebrüder,"Joh. Bapt. und gebrüeder, Johann Bap. gebrüeder, Joh. Baptista gebrüeder"
323,Georg Hilleprand sel. Erben,"Georg Hilleprand seel. erben, Georg Hölleprands seel. erben"
324,Paul Karl Rois sel. Erben,"Paul Carl Roys seel. erben, Paul Carl Royss seel. erben"
325,Gaun und Zanchoni,"Gaun et Zanchoni, Gaun und Zanchony, Gaunet et Zanchoni, Gaun und Zanchoni, Gaun unnd Zauchhon, Gaun und Zanconi"
328,Daissenberger & Co.,Daissenberger et comp.
329,Franz Reich sel. Witwe,Franz Raich seel. wittib
330,Matthias Jetschgo & Co.,Mathiaß Jetschgo et cons.
331,Sörgl und Gebrüder,"Sörgl und gebrüeder, Sörgl gebrüeder, Sörgel gebrüeder"
332,Georg Haller & Co.,Georg Haller et cons.
333,Gebrüder Orset,"gebrüeder Orsset, gebrüeder Orsse, gebrüeder Orsetti"
334,Michael Weber & Co.,Michael Weber et consortes
336,Wachter und Kürchl,Wachter und Kürchl
337,Albrechtsberger & Co.,Albrechtsberger et comp.
338,Hochmann & Co.,Hochman et compag.
339,Daniel Bartholomäi & Sohn,Daniel Barthlme und sohn
340,Johann Marina Gebrüder ,"Johann gebrüeder Morina, Johann gebrüeder Marina, Johann et gebrüeder Morina"
341,Lorenz Neuner & Co.,Lorenz Neüner et cons.
342,Apfel und Praunbach,"Apffl und Braunpach, Apffl und Praunpall, Apffl und Pranbach, Apfl und Praunpach, Apffl und Praunbach, Apffel und Praunbacher, Stapfl und Praunpach, Apfl und Braunbach, Apfl und Praunbach"
343,Attinger und Motter,"Attinger et Moter, Attinger und Motter, Attinquier et Moter"
344,Matthias Ernst & Co.,Math. Ernst et cons.
345,Johann Adam Piat sel. Witwe,Johann Adam Piat seel. wittib
346,Martin und Raffeseder,"Martin und Raffeseder, Martin und Rafeseder"
347,Tobias Rezer sel. Erben,Tobiaß Rezer seel. erben
348,Schedlberger sel. Witwe,Schedlpergers seel. wittib
349,Primus Wagner & Co.,Primus Wagner et cons.
350,Joseph Wandaller & Co.,Joseph Wandaller et comp.
351,Gebrüder Auracher,gebrüeder Auracher
352,Johann Christoph Löschenkohl sel. Erben,Johann Christoph Löschenkohls seel. erben
353,Zacharias Kriner & Co.,"Zachariaß Kriner et comp., Zachariaß Krinner et comp., Zachariaß Krimer et comp., Zacharias Krüner et comp., Zacharias Kremmer et comp."
354,Poschinger und Mayr,Poschinger und Mayr
357,Thorin und Arbaur,"Thorein und Arbauer, Thorein et Arbaur, Thorin Arpaur, Torin Arpaur, Thorin Arbaur, Torin Arbaur"
358,Franz Rey & Co.,"Franz Rey et comp., Francois Ray et comp., Franz Regl et comp."
415,Stephan Knoll sel. Erben,Stephan Knoll seel. erben
360,Johann Kaspar Bencard sel. Erben,"Joh. Caspar Bencard seel. erben, Joh. Caspar Benccard seel. erben, Johann Caspar Bencard seel. erben"
361,Tommasi & Co.,Domossi et comp.
363,Gebrüder Veith,"Veit gebrieder, Veith gebrüeder"
365,Christoph Weigl sel. Erben,"Christoph Weigls seel. erben, Christoph Weigl seel. erben"
366,Johann Laimbrucher sel. Erben,Joh. Laimbruchers seel. erben
508,Georg Brentano Scalini & Sohn,"Georg Braentano Scalini und sohn, Georg Brentono et sohn"
369,Tobias Hauzeneder & Co.,Tobias Hauzeneder et cons.
370,Thomas Egger sel. Witwe,Thamas Egger seel. wittib
371,Georg Mayr sel. Erben,"Georg Mayrs sel. erben, Georg Mayr sel. erben"
373,Haberstock und Frey,Haberstokh und Frey
374,Depra Dilleria & Co.,Depra Dilleria et compag.
376,Strobl & Co.,"Strobl. comp., Strobl et compag."
378,Zacharias Frank sel. Erben,"Zacharias Franckh seel. erben, Zacharias Frankh seel. erben"
380,Johann Wellner & Co.,Johann Wellner et comp.
381,Fratelli Marsani,"Fratelli Marsaniz, Fratelli Marsani, Fratelli Marschani, Fratelli Morsani"
382,Jakob Rainer sel. Witwe,Jacob Rainers seel. wittib
383,Matthias Kern & Co.,Mathias Kern et cons.
384,Leonhard Effinger sel. Erben,"Leonhard Efinger sel. erben, Effingers erben"
385,Fynn und Will,"Fynn und Will, Finn und Will"
386,Matthias Zizler & Co.,Matthias Zistler et cons.
388,Gschaider und Wippacher,Gschaider und Wiepacher
389,Johann Christoph Widmann sel. Erben,"Johann Chrüstoph Widmans sel. erben, Johann Chrüstoph Widman sel. erben"
391,Gebrüder Consoni,gebrüeder Consoni
392,Leopold Karl Spitzer & Co.,"Leopold Carl Spüzer et comp., Leopold Carl Spizer zu Stokerau und compag."
393,Innerberger Hauptgewerkschaft,"Innerberger. haubt gwerkhschafft der stachl und eisen-handlung zu Steyr, Innerberg. haub gwerkhschafft der stachl und eisen handlung zu Steyr, löbl. eisen gschaft in Steyr, n. sengsen et compag."
394,Courlet und Bosquet,"Carlet et Bisget, Courlet und Bosquet"
396,Franz Gouttro & Co.,Franz Gouttro et compag.
398,Friedrich Schreyer sel. Erben,Friderich Schreyers seel. erben
399,Christoph Löffler und Samuel Löffler,"Chrüstoph, und Samuel Löffler"
402,Ely und Mayr,Ely et Mayr
403,Johann Jakob Chiset & Co.,Joh. Jacob Chiset et comp.
404,Keller und Mayr,Keller und Meyr
405,Loschge und Renz,"Loschge und Benz, Losge und Benz, Prenz und Loschge, Renz unnd Loschge, Luschgo und Renz"
406,Stoy und Fischer,Stoy und Fischer
407,Ludwig Liedl und Leopold Liedl,"Ludwig und Leopold Lidl, Ludwüg und Leopold Liedl"
408,Joseph Marina Gebrüder,Joseph gebrüeder Marina
409,Nass und Weber,Nass und Wehber 
410,Karl Stölzl & Co.,Carl Stölzl et consortes v. Neufelden
411,Johann Andre Endter sel. Sohn,Johann Andrea Endter sel. sohn
412,Temeswarer Handlungssozietät,Temeswarer handlungs-societaet
413,Kaspar Wilhelm und Selhammer,Caspar Wilhalbm und Seelhamer
414,Johann Kaspar Bencard sel. Witwe,"Joh. Caspar Bencards seel. wittib, Johann Caspar Bencard seel. wittib"
416,Pierre und Fitzes,Pierre et Fizes
417,Grav und Megler,GravetMegler
418,Johann Georg Schmid sel. Erben,Johann Georg Schmid seel. erben
419,Langwider und Ambach,"Languder und Ambach, Langirder und Ambach, Languider und Ambach"
420,Georg Prander & Co.,Georg Prander et consortes
421,Leonhard Effinger sel. Witwe,Leonhard Effingers seel. wittib
422,Paul Rössler sel. Witwe,"Paul Rösler seel. wittib, Paul Röslers seel. wittib, Paul Rosler sel. wittib"
423,Wellner & Co.,"Wellner et comp., Wallner et compag., Wellner et compag."
424,Peter und Krazer,Peter und Krazer
425,Veit Müllnitsch sel. Erben,Veith Millnitsch seel. erben
426,Adam Siess & Co.,Adam Siess et cons.
427,Michael Schwänkl & Co.,Michael Schwänkhl et cons.
428,Friedrich Schreiner & Co.,Friderich Schreiner et cons.
429,Stephan Knoll & Co.,"Stephan Knoll et compag., Stephan Knoll et comp."
430,Battista und Tribaumer,Batt.a und Tribaumer 
432,Johann Michael Rieder sel. Witwe,Johann Michael Rieders seel. wittib
433,Johann Adam Piat sel. Erben,Hanns Adam Biat sel. erben
434,Stephan Herzog & Co.,Stephan Hörzog et cons.
435,Joseph Kerer & Co.,Joseph Kerer et cons.
436,Christian Fleischhauer & Sohn,Christian Fleischauer et sohn
437,Niklas Salliet & Co.,"Niclas Salliert et comp., Niclas Sallirt et comp."
438,Matthias Weckerle & Co.,Matthias Weckerle et cons.
439,Thomas Ziegler & Co.,Thomas Ziegler et cons.
440,Jakob Reider & Co.,Jacob Reider et cons.
441,Buttermann und Gebrüder,Butterman und gebrüeder
442,Bartholomäus Strobl & Co.,Barthlme Strobl et comp.
443,Jakob Tiefentaler sel. Erben,Jacob Tieffenthaller sel. erben
444,Matthias Schwall & Co.,Matthias Schwall et cons.
445,Johann Pacher & Co.,Hannß Pacher et cons.
446,Joseph und Gebrüder,"Joseph et gebrüeder, Joseph gebrieder"
447,Johann Stöger & Co.,Johann Stöger et cons.
448,Gritti & Co.,Gritti et compag.
449,Gebrüder Marina,"gebrüeder Marina, gebrüeder Marnia"
450,Georg Cleas sel. Erben,Georg Kleas sel. erben
451,Matthias Kessler sel. Erben,"Matthias Käßler seel. erben, Matthias Keßler sel. erben, Mathias Kößler seel. erben"
454,Gebrüder Löffler,"Löffler gebrüeder, Löffler und gebrüeder"
455,Paul Kienberger sel. Erben,Paul Kienberger sel. erben
769,Göbl und Luidl,Göbl und Luidl
458,Johann Friedrich Werti sel. Erben,Johann Friderich Werti sel. erben
459,Johann Sprenger & Co,Hanns Sprenger et cons.
460,Mantlpaur und Klögel,Mantlpaur und Klögel
461,Schmid und Schindler,Schmid und Schindler
462,Muffat und Million,"Mussat et Million, Muffat et Millon"
464,Bartholomäus Primier sel. Erben,Bartlme Primiers seel. erben
465,Georg Nicola & Co.,Georg Nicola et compag.
466,Bäumler und Lothes,Bämlers und Lothers
467,Esterlin und Weissbeck,"Esterlin und Weissbekh, Esterlin und Weißbökh"
468,Matthias Füderer & Co.,"Matthias Fieder et cons., Matthias Füederer et cons."
469,Gebrüder Huber,gebrüeder hueber
470,Gottlieb Göschl sel. Witwe,Gottlieb Göschl sel. wittib
471,Andre Coith sel. Erben,Andree Coith seel. erben
473,Niklas Orset und Michael Orset,Niclas und Michael Orset
474,Johann Georg Dressel & Co.,Johann Georg Dreßl et cons.
475,Ott und Payr,Ott und Peyr
476,Peetz und Bader,"Pez und Pader, Peez und Bader"
477,Johann Heinrich Allius & Co.,Johann Hainrich Allius et consort.
478,Jakob Gräz & Co.,Jacob Gräz et conssortes
479,Schmid und Laz,Schmid und Laz
480,Franz Wintersteiner & Co.,Franz Winterstainer et comp.
481,Gostet und Nostier,Gostet et Nostier
482,Ertorn und Minzinger,Ertorn und Minzinger
615,Dresler und Schreiner,Dresler und Schreiner
484,Perinet und Cimarolli,Perinet et Zimeroli
485,Raphael Langmayr & Co.,Raphael Langmayr et cons.
487,Wegleitner und Drexler,"Wegleitner und Drexler, Wagleiter und Trexler, Wegleiter und Trexler"
488,Lorenz Kern & Co.,Lorenz Kern et consortes
489,David Vienne sel. Witwe,David Vienne seel. wittib
490,Heinzlmann und Garb,"Heinglman und Garb, Heinzlman und Garb"
491,David Vienne sel. Erben,David Vienne seel. erben
492,Sebastian Wernberger & Co. ,Sebastian Wernberger et comp.
493,Bormastini & Co.,"Bormastini et compag., Bormastini et comp."
692,Balderot & Co.,Paldero et compag.
495,Johann Michael Rieder sel. Erben,Johann Michael Rieders seel. erben
496,Sebastian Künzel sel. Witwe,Sebastian Kinzl sel. wittib
497,Goske und Schiebl,"Goschkhe und Schnöbl, Goßke und Schiebl, Goske und Schiebl, Goßke und Schübl, Gottsche und Schübel"
498,Anton Gluderer sel. Erben,Antoni Gluderer seel. erben
499,Passy & Co.,Passy et comp.
500,Daniel Dallensteiner & Co.,Daniel Dolnstainer et cons.
501,Gebrüder Veronese,gebrüeder Veroness
502,Philipp Gundian sel. Sohn,Phillipp Gundians seel. sohn
504,Adam Horner sel. Erben,Adam Horners seel. erben
505,Johann Bernhard Dempf & Co.,Johann Bernhard Dempff et comp.
506,Johann Michael Wilhelmseder sel. Witwe,Johann Michael Wilhalbmseders seel. wittib von dithmoning
507,Sebastian Pühringer sel. Witwe,Sebastian Pühringers wittib
509,Jakob Wisinger & Co.,Jacob Wisinger von Lempach et cons.
510,Blasius Enzinger & Co. ,Plasius Enzinger et cons. v. Rohrbach
511,Gebrüder Lenhard,gebrüeder Lenhard
512,Jakob Koller sel. Witwe und Erben,Jakob Kollers seel. wittib und erben
513,Andre Wöss & Co. ,Andree Wöss et cons.
514,Matthias Uhrl & Co. ,Matthias Uhrl et cons. 
515,Rotta und Reismiller,"Rotta und Reismillner, Rotta und Teismillner, Rotta und Reismiller"
516,Gebrüder Will,"gebrieder Will, gebrüeder Will, Wiell gebrüeder"
517,Daniel Hagen sel. Erben,Daniel Hagen seel. erben
518,König und Gebrüder,"gebrüeder König, König und gebrüeder, gebrieder König"
519,Dallensteiner und Maunz,Dollnstainer und Maunz
678,Küner und Bender,"Kriner und Bender, Kriener und Bender, Krinner und Bender, Krimer und Pindter, Kriner und Pender, Krimer und Bender, Kiner und Bender, Krimmer und Penkher, Krumer und Panther"
521,Jakob Schauer sel. Erben,Jacob Schaur seel. erben
522,Johann Baptist Thann sel. Erben,Johann Bapt. Thann seel. erben
523,Praunsmändl und Elers,"Praunsmändl und Elyers, Praunßmändl et Elers, Praunsmandl und Elers"
526,Wilhelm und Selhammer sel. Witwe,Wilhalbm und Selhammers seel. wittib
527,Ferner & Co.,Ferner et consort.
530,Wilkens und Bosquet,"Wilkhens und Bosquet, Wilkens und Bosquet, Wilckher und Bousquet, Bilchens und Bosquet"
531,Pingizer und Bittoni,"Bingizer et Bittoni, Pingizer und Pitoni, Binginzer et Bitoni, Binginter und Bitoni, Pingizer et Pitoni"
532,Kaspar Sagerer & Co.,Caspar Sagerer et consortes
534,Daissenberger und Pliem,"Daissenberger und Pliemb, Daissenberger Pleimb, Dössenberger und Pliemb"
535,Johann Georg Breuning & Co.,Johann Georg Breuning et cons.
536,Joseph Binder & Co.,Joseph Pinder et consortes
538,Georg Götz sel. Erben,Georg Gözens seel. erben
541,Falquet und Violand,Falquet et Violand
543,Decret und Crettier,"Decret und Crettier, Decret et Credieir"
544,Wenzl und Nehr,Wenzl und Nehr
545,Rey und Paur,"Rey et Pauer, Rey et Paur, Rey et Pauner"
547,Johann Baptist Hibler sel. Erben,Johann Bapt. Hüblers seel. erben
548,Andre Vorauer & Co.,Andre Vorauer et cons.
549,Marx Hauer sel. Erben,Marx Hauers seel. erben
551,Jeremias Wolff sel. Erben,Jeremias Wolff seel. erben
552,Abraham Schmid & Co.,Abrahamb Schmid et consortes
553,Samuel Löffler & Co.,Samuel Löffler et consortes
554,Jolivet & Co.,Jolivat et compagn.
555,Christoph Jakob Nickl sel. Erben,Christoph Jacob Nigl seel. erben
725,Schwab & Co.,Schwab et compag.
558,Joseph Nickl sel. Erben,Joseph Niggl seel. erben
559,Bernhard Dempf sel. Erben,Bernhard Dempff seel. erben
560,Pölzl und Hebig,Pölzl und Hebig
561,Garogno Reymond und Marchien,Garagnor Reymord et Marchien
562,Marquet und Rebay,Marquet et Rebay
563,Zangmeister und Adam,Zangmaister und Adam
710,Martin Mutter und Nenz,Martin Mutter et Nenz
565,Andre Kürmayr & Co.,Andre Kürmayr et cons.
566,Motter und Renz,"Moter und Renz, Mader und Renz, Motern und Renz, Meter und Ranz, Motus und Renz, Moder und Renz, Moter und Rens, Mutter und Rems, Muter und Rems, Mater und Renz"
568,Pruckmann und Stenzig,Pruckhman et Stenzig
569,Stanislaus Dill & Co. ,Stanißlaus Dyll et cons. 
573,Cimarolli und Monticelli,"Cimarolli et Monticelli, Zimeroli et Montielli"
574,Friedrich Werti sel. Witwe,Friderich Werty seel. wittib
576,Johann Endter sel. Erben,Johann Endters seel. erben
578,Flantini und Adam,"Flantini et Adam, Stantini et Adam"
579,Gebrüder Öttinger,gebrüeder Ottinger
580,Johann Spillpichler & Co.,Johann Spillpichler et cons.
581,Wilhelm und Georg Finale,Wilhalbm und Georg Final
582,Jeremias Pessler & Co.,Jeremiaß Pessler et cons. v. Neufelden
583,Gottschöber & Co.,Gottschöber et compag.
584,Johann Lechner & Co.,"Johann Lechner et consortes, Johann Lechner et consort."
585,Wolfgang Hilleprand sel. Witwe,Wolfgang Hilleprand seel. wittib
586,Marius und Schmiz,Marius und Schmiz
587,Joseph Gruber & Co. ,Joseph Grueber et cons. 
588,Johann Jakob Weiss sel. Erben,Johann Jacob Weiss seel. erben
589,Giannoli und Canes,"Giannoli et Canes, Gianole et Cone, Ginali et Bane"
590,Georg Mezger sel. Erben,Georg Mezger seel. erben
592,Daissenberger und Krazer,"Dasenberger und Kraz, Daßenberger und Krazer"
593,Passy und  Gotsching,Bassy und Gotsching
594,Johann Anton Bormastini und Butterna,"Johann Antoni Burmostini und Wutterna, Johann Antoni Bormastini und Wutterna"
595,Wolfgang Moritz Endter Erben,Wolfgang Moriz Endters erben
602,Karl Toscano & Co.,"Karl Tonano & co., Carl Toscano et comp., Carl Toscanno et comp."
596,Seitler und Göbel,Seitler und Göbel
597,Marguti und Berbey,Marguti et Berbey
598,Höcksteiner und Hink,Hökhstainer und Hinkh
599,Anton Mayr sel. Erben,Antoni Mayrs seel. erben
600,Strötter und Ilger,"Strötter und Ilger, Stötter und Eger"
601,Primier und Kopp Erben,Primiers und Kopp seel. erben
604,Vernay und Pörner,Vernay et Pörner 
605,Briffant & Co.,Priffand et compag.
606,Marchand und Astrie,"Marchand et Asture, Marchand et Astrie, Marchand et Astrne"
607,Georg Götz sel. Witwe,Georg Güzen seel. wittib
608,Auracher und Pfister,"Auracher und Pfister, Gebrüder Auracher und Pfister"
609,Engelhard und Fischer ,"Englhard und Fischer, Englhard und Fischart"
611,Ghezzi & Co.,Gezzi et compagn.
612,Gebrüder Strobl,"Strobl gebrüeder, gebrüeder Strobl"
613,Jakob Viechbeck & Co.,Jacob Viechbökh et consort.
614,Petrowiz und Georg,Petrowiz et Georg
616,Adam Jäger und Anton Jäger,Adam und Antoni Jäger
617,Matthias Viechtbauer und Matthias Scheibenbogen,Matthias Vietpaur und Matthias Scheibmpogen
618,Leiss und Mayr,"Leiss und Mayr, Lois und Mayr, Leiß und Mayr"
619,Strötter und Razgell,Strötter und Razgell
620,Schöberl und Liedl,Schöberll und Lidl
621,Matthias Aigner und Anton Jäger,Matthias Aigner und Antoni Jäger
622,Friedrich Weider sel. Erben,"Friderich Weyder seel. erben, Friderich Weyders seel. erben"
623,Augustin Weider sel. Erben,Augustin Weyders sel. erben
625,Johann Sebastian Kriegner & Co.,Johann Sebastian Kriegner et compag.
627,Pupp sel. Erben,Pupp seel. erben
628,Motter und Mauz,Moter und Mauz
629,Weiss sel. Erben,Weüss seel. erben
711,Breuning & Co.,"Breunüg et consorth., Braining und consort., Preuning et consort."
631,Gastl und Ilger,"Gasl und Ilger, Gastl und Ilger"
632,Homann Erben,"Hörmanische erben, Homänisch. erben, Höninische erben, Hämänische erben, Hemanische erben, Koman. erben"
633,Preg und Pauer,Preg et Paver
634,Motter und Benz,"Moter und Benz, Motter und Penz, Mater und Penz, Motern und Penz, Moter und Prenz"
635,Amadei & Co.,Amadei et compag.
636,Bauch und Dornheck,"Pauch und Dornhekh, Bauch und Dornhekh, Rauch und Dörnhökh, Pauch und Dörnhekh, Pauch und Dornbach"
845,Bauch und Isaak,Pauch und Isaak
638,Johann und Nikola,"Johann et Nicola beede türkh. underthan, Nicola Johanne türkh. underthan"
639,Duboin und Regazi,"Duboin et Regazi, Duberine et Regazi, Dubena et Regazi, Dubeine et Regazi, Duboin et Rezzi, Duberna et Regazi"
642,Johann Sebastian Pracher & Co.,"Johann Sebastian Pracher et consort., Johann Sebastian Pracher et cons."
644,Gallus Prandner & Co.,"Gallus Prandtner et cons.
"
645,Brentano Moretti & Co. ,"Braentani, Moreti et comp."
646,Gebrüder Massini,gebrüeder Massini
647,Gebrüder Valle,gebrüeder Valle
648,Georg Brentano sel. Sohn,Georg Braentano seel. sohn
649,Nicola Ignaz Bregari und Joseph Bregari,Nicola Ignati und Joseph Bregari
650,Kaspar Bencard sel. Erben,Caspar Bencard seel. erben
651,"Adam Jäger (Pressburg), Anton Jäger (Pressburg), Matthias Aigner (Wien)","Adam und Antoni Jäger v. Preßpurg, dann Matthias Aigner von Wienn"
652,Kopp und Hautsch,"Kopp und Hautsch, Kopp und Hausch, Copp und Hausch"
654,Johann Joseph Mayr sel. Erben,Johann Joseph Mayrs seel. erben
655,Grange & Co.,Grange et compag.
656,Apfel und Prandhofer,Apff und Prandthofer
657,Johann Wögerpaur & Co.,Johann Wögerpaur et consortes von Rohrbach
658,Keller und Schmid,Keller und Schmid
659,Andre Coith & Co.,Andree Coith et comp.
660,Breunlein & Co.,Preunlein et consortes
662,Primier und Kopp,Premer und Kopp
663,Hartelweck und Gebrüder,Hartelweckh und gebrüeder
664,Friedrich Knöbl & Co.,"Friderich Knöbl et comp., Friderich Knöbl et cons."
665,Apfel und Pauernfeind,Apfl und Paurnfeind
666,Hilleprand und Mödlhammer,Hilleprand und Mödlhammer
667,Gebrüder Harufer,Harufer gebrieder
668,Andre Mayr sel. Erben,"Andree Mayrs seel. erben, Andere Moyrs see. erbn"
669,Wucherer und Krimmer,"Wucher und Krimer, Wucherer und Krimmer"
670,"Grange, Passy & Co.","Grange Bassy et comp., Grange Passy et comp., Grange Bassy et compag."
671,Prandstetter und Pöttenberger,Prandstetter und Pettenberger
673,Georg Grones & Co.,"Georg Groness et compag., Grones et compag., Grones et comp."
674,Franz Reich sel. Erben,Franz Raich seel. erben
675,Augustin Friedrich Weider sel. Erben,"Augustin Friderich Weylers seel. erben, Augustin Friderich Weyders"
676,Wilhelm Buirette sel. Erben,Wilhelmb Buerette seel. erben
677,Exner & Co.,Exner und consort.
679,Leopold Macht sel. Witwe,Leopold Macht seel. wittib
681,Recknagel und Muscat,"Rekhnagl et Muscat, Arsnagel et Musscat"
682,Thomas Wellner & Co.,Thomas Wellener et comp.
684,Bischoff und Dressel,"Bischoff und Dressl, Dreßl und Bischof"
686,Christophori Erben,Christophorische erben
687,Johann Georg Pracher & Co.,Johann Georg Pracher et comp.
688,Jakob Weiss sel. Witwe,Jacob Weüss seel. wittib
689,Matthias Kern sel. Erben,"Madhias Kern seel. erben, Madhias Kerns seel. erben"
690,Pichler und Schmid,Pichler und Schmid
691,Gebrüder Disteyr,Disteyr gebrieder
693,Hegrie & Co.,Hegrie et compag.
694,Joseph Manninger & Co.,Joseph Mäninger et consortes
695,Miller und Schwandner,Miller und Gschwandner
696,Georg Binder & Co.,Georg Pinder et consort.
698,Georg Breuning & Co.,Georg Breuning et consortes
699,Christoph Weigl sel. Witwe,Christoph Weigls seel. wittib
700,Poppe und Kroon,Poppe und Kroon
701,Franz Wenzl & Co.,Franz Wenzl et consort.
702,Jogniola und Provino,Jogniola et Brovino
703,Kriner und Scheidlin,Krinner und Scheidlin
704,Stantini und Adam,Stantini et Adam
724,Johann Ebenhöch & Co.,Johann Ebenhech et consort.
723,Andre Egger & Co.,Andree Egger et consortes
706,Strötter und Negri,Stötter und Negri
707,Martin Marcher & Co.,Martin Marcher et cons.
708,Million und Pelloux,"Nillion und Pelluz, Villiod Pelloux, Million und Pelu, Million und Pettouz"
709,Agnes Höckin & Co.,Agnes Hökhin et compagn.
712,Gebrüder Crettier,"gebrieder Crettier, gebrüeder Crettier, gebrüeder Cretier"
713,German Erben,Germanische Erben
714,Michael Hofer sel. Erben,Michael Hoffer seel. erben
715,Bahn und Chevallier,Bahn Jouaillier
1450,Matthias Wolff sel. Witwe,
717,Gebrüder Setti,gebrüeder Setti
718,Weiss sel. Witwe,Weiss seel. wittib
719,Pilgram und Doplonanz,"Bilgramb et Dupenlanz, Pilgran et Doplonanz, Pigramb und Duplono"
720,Vienne und Balde,"Vienne et Balde, Vienne et Palder"
721,Monat und Kunath,Monath Kunath
722,Pauminger und Oberleutner,Pauminger und Oberleuthner
726,Wilhelm Finale & Co.,Wilhalbm Fimale et comp.
727,Anton Neuner & Co.,Antoni Neüner et comp.
729,Abraham Frey und Briller,Abrahamb Frey und Briller
730,Primus und Miller,Primus und Miller
731,Joseph Maget & Co.,Joseph Maget et consortes
732,Martin Knapp sel. Erben,Martin Knäpp seel. erben
743,Adam Piat sel. Witwe,Adam Biath seel. wittib
734,Michael Koller & Co.,Michael Koller et consortes
735,Jakob Praunsperger & Co.,Jacob Praunsperger et consortes
736,Zacharias Greil sel. Witwe,Zacharias Greil see. wittib
737,Dressel und Heubach,"Dressl und Heubach, Dresl und Haybach"
738,Michael Seemann sel. Erben,Michael Seeman seel. erben
739,Johann Guglhör & Co.,Hannß Guglhörr et cons.
740,Negri & Co.,hr. Negri et compag.
741,Gebrüder Mendler,Mendler gebrieder
742,Kriegner & Co.,hr. Krienger zu Rohrbach et cons.
744,Georg Lehmann sel. Erben,Georg Lechmans seel. erben
745,Paul Franz Miller sel. Erben,"Paul Franz Millner seel. erben, Paul Franz Miller seel. erben"
746,Ellinger und Wurth,Ellinger Wurth
747,Seutter und Ridinger,"Seüter und Ridinger, Seiter und Lindinger, Seiter und Ridinger"
748,David Rück sel. Erben,David Rikh seel. erbn
749,Anton Pfeffer sel. Witwe,Antoni Pfeffer seel. wittib 
750,Werti sel. Erben,Werty seel. erben
751,Nissolo & Co.,"Nissolo et compag., Nisolo et compag."
752,Martin Happach sel. Erben,Martin Happach seel. erben
753,"Strötter, Gastl und Ilger","Stratter, Kastl und Ilger, Stroir: Gastl und Ilger"
754,Gebrüder Boccard,"gebrüeder Boccard, gebrüder Poccard"
759,Johann Kirchbaur & Co.,Johann Kirchbaur et consort.
755,Johann Hilleprand sel. Erben,Johann Hilleprand seel. erben
756,Prieser und Provino,Prisser Provino
757,Friedrich Werti sel. Erben,Friderich Werti sel. erben
758,Lechmann und Kraus,Lechman Kraus
760,David Odor Lalle,David Odor Lalle
761,De L'Espine und Pedaleti,"Delespine Pedaleti, Delapine et Bedal"
762,Depra Ducrue,Depra Duxrue
763,Depra Duera,Depra Duera
764,Ducrue und de L'Espine,"Ducrie Lespinae, Docrue Delespine"
765,Finale Ducrue,Finale Duxrue
766,Rahn de Benedicti,Rahn de Benedicti
768,Göbl und Liedl,"Göbl und Liedl, Gebl und Lidl, Göbl und Lidl, Lidl und Göbl, Göble und Lidle, Göbel und Lidl"
770,Paul Rössler sel. Erben,Paul Leeb seel. erben
771,Martin Gnäz sel. Erben,Martin Gnäz seel. erben
772,Curnische Erben,Curnische erben
773,Paul Griener sel. Witwe,Paul Grieners seel. wittib
774,Pauminger sel. Witwe,Paumingers seel. wittib
775,Sebastian von Luidl sel. Witwe,Sebastian v. Luidl seel. wittib
776,Georg Wagner sel. Witwe,Georg Wagners seel. wittib
777,Thorin Rebut,Thorin Rebut
778,Peter Vernay und Pörner,Peter Vernay und Pörner
779,Kimer & Co.,Kimer und compag.
780,Joseph Meidinger Witwe,Joseph Maidingers wittib
781,Perinet & Sohn,Perinet und sohn
782,Michael Weißmann & Co.,Michael Weismann et consort.
783,Strötter und Gastl,Strötter und Gastl
784,Peyre Puerie & Co.,Peyre Puerie et comp.
785,Siess und Gebhard,Siess und Gebhard
786,Fuchs und Gebhard,Fuchs und Gebhard
787,Endter Erben & Co.,Enterische erben et consort.
788,Johann Christoph Zwiesler & Co.,Johann Christoph Zwiesler et cons.
790,Matthias Kern sel. Witwe,Madhias Kerns seel. wittib
791,Gapp und Gerbl,Gapp und Gerbl
792,Leopold Hartmader & Co.,Leopold Hartmader et consort.
793,Adam Felsecker sel. Erben,Adam Felserkers seel. erben
794,Pollinet Jünger,Pollinet Jünger
795,Gebrüder Monsani,Monsani gebrüeder
796,Andre Härtl & Co.,Andree Härtl et consort.
797,Kellner und Städl,Kellner und Städl
798,Thomas Hagengruber & Co.,Thoma Hagengrueber et consort.
799,Engelbrecht sel. Witwe,hr. Englbrecht seel. wittib
800,Paul Plell & Co.,Paul Plell et consort
801,Gotthard Binder & Co.,Gotthard Pinder et consort
804,Franz Sailer & Co.,Franz Sailler et consort
805,Vollairo und Dellcrue,Vallairo et Dellcrüe
806,Gotthard Ebner & Co.,Gotthard Ebner et compag:
810,Grones & Co.,
811,Joseph Pessler & Co.,Joseph Pesler et compagl:
812,Michael Schreiner & Co.,Michael Schreiner et consort
813,Matthias Hegele & Co.,"schiffmeister [Matthias Hegele] et compagn., scheffman [Matthias Hegele] et compagn."
814,Jakob Pessinger & Co.,scheffman [Jakob Peßinger] et consort.
815,Jakob Scheiffele & Co.,Schiffman [Jakob Scheiffle] et compagn.
816,Million und Jeton,Million und Jeton
817,Patuzzi sel. Erben,h. Batuzi seel. erben
818,Matthias Vetter sel. Witwe,Matthias Vetters seel. wittib
819,Perinet und Passy,Berinet et Passy
820,Tobias Hauzeneder sel. Erben,Tobias Hauzeneder seel. erben
821,Strötter & Co.,"Strötter und comp., Strotter et compag."
822,Millionek und Pelloca,Millionek et Pelloca
824,Seutter und Haid,Seiter und Haidt
825,Rozzio sel. Erben,h. Rozzio seel. erben
826,Johann Georg Fischer sel. Erben,Johann Georg Fischer seel. erben
827,Gerlach und Gebrüder,"gebrieder Gerlach, Gerlach und gebrüeder"
828,Simon Plöckinger & Co.,Simon Plökhinger et consort
829,Johann Michael Schröck sel. Erben,Johann Michael Schrökh seel. erben
830,Gebrüder Wiesenhüter,gebrieder Wissenhietter
831,Pietro Fognio & Co.,Pietro Fognio et compag.
832,Hörmann und Balter,Hörman und Balter
833,Johann Jaccoud und Ghezzi & Co.,Jean Jaccoud Ghezzi et compag.
834,Hindemann und Kreidemann,"Hindeman und Kreideman, Kindeman et Kreydeman"
835,Gebrüder Liedl,gebrüeder Lidl
836,Veigl und Farquet,"Weigl und Falquet, Weigl et Falquet, Veigel und Farquet, Feigl et Farquet, Veigl und Tarquet, Veigl et Farquet"
837,Thomas Bacciochi & Co.,"Thomas Baccioci et compag., Thomas Bacciochoi et compag."
838,Endter Erben,Enderische erben in Wienn
839,Hößlin und Falck,"Hoßlin und Falke, Höslin und Falkh"
840,Martin Schwänkl & Co.,Martin Schwänkhl et consort.
841,Wiesenhüter & Co.,Wiesenhueter et compag.
842,Gotthard Hartl & Co.,Gotthard Hartl et consort.
843,Lorenz Emmerstorfer & Co.,Lorenz Emerstorfer et compag.
844,Bartholomäus Patuzzi sel. Erben,Bartlme Batuzi seel. erben
846,Michael Kaufmann & Co.,Michael Kaufman et compag.
847,Gölling und Gruner,"Gölling und Gruner, Golling und Gruner, Galling und Grue, Golling und Grumer"
848,Adam Plell & Co.,Adam Plell et compag.
849,Winterhalder und Lechner,Winterhalder und Lechner
850,Joseph Rottigin und Franz Rottigin,Joseph undt Franz Rottigin
1566,Johann Mayr sel. Erben,Johann Mayrs seel. erben
852,Johann Seif und Gebhard,Johann Seyff et Gebhard
858,Herculiano Amadei & Co.,"Ercola Amadej et compag., Kilian Amadei et Comp."
854,Carli & Co.,Carli et compag.
855,Johann Weckerle & Co.,Johann Wekherle et consort.
856,Gebrüder Franz Gottlieb von Palm und Leopold Karl von Palm,Franz Gottlieb und Leopold Carl gebrieder v. Palm
857,Grudicee und Tini,Grundicee et Tini
859,Martin Daischl & Co.,Martin Daischl et compag.
860,Manfra Sänna und Peter Zoll,Manfra Sänna et Peeter Zoll
861,Cabelo Cabelo,Cabelo Cabelo
862,Vinzenz Joanelli und Benedikt Joanelli,Vicenz undt Benedict Joaneli
863,Franz Reiter & Co.,Franz Reitter et consort.
864,Matthias Winkler & Co.,Mathiaß Winckhler et cons.
865,Goske & Co.,Goske et compag.
866,Miville und Praun,"Miville und Praun, Mirville und Braun"
867,Thomas Lederer & Co.,Thomas Liederer et compg.
868,Georg Bischoff & Co.,Georg Pischoff et compag.
869,Tobias Ellinger & Co.,Tobias Ellinger et compag.
871,Crettier und Ducrue,Grettier et Ducrie
872,Ridinger und Haid,Riedinger und Haidt
1012,Benedikt Höger sel. Erben,Benedict Höger see. erben
874,Gebrüder Marcolini,gebrueder Marcolini
875,Wolf Rottaller & Co.,Wolf Rottaller et Cons:
876,Jakob Neuner & Co.,Jacob Neuner et consort.
877,Egger und Krazer,Egger und Krazer
878,Abraham Vogelsänger und Martin Löschenkohl,Abrahamb Voglsangl undt Martin Leschenkalch
879,Jakob Emmerstorfer & Co.,Jacob Emerstorffer et cons.
880,David Wisinger & Co.,David Wißinger et consort.
881,Pracht und Beestötten,nach Pracht und Beestötten
882,Heinrich Schwarzenberger sel. Erben,Hainrich Schwarzenberger seel. erben
883,Kriegner sel. Witwe,hr. Kriegers seel. wittib zu Rohrbach
884,Isenflamm & Co.,Issenflamb et compagn.
885,Della Rua und de Augusti,"dalla Rua de Augusti, della Rua de Augusti, Rua et Augustini"
886,Johann Marnia und Gabriel Marnia,Joh. et Gabriel Warnia
887,Bosquet und Monestiere,"Bosquet et Monestiere, Bosquet und Monestieres"
888,Mezger und Weber,Mezker und Wehber
889,Gebrüder von Schnurbein,gebrüeder v. Schnuerbey
890,Moser und Zancchini,Mosser und Zoncchini
891,Andre Endter sel. Erben,Andree Endters seel. erben
892,Philipp Nicola & Co.,"Philipp Niclas et comp., Phillipp Nicola et comp."
893,Johann Weylotter sel. Witwe,Johann Weylotter seel. wittib
894,Zibentsumber sel. Witwe,hr. Zibentsumber seel. wittib
896,Estuhin und Kuzinger,Estuhin und Kuzinger
897,Leonhard Rännagl sel. Sohn,"Leonhard Rännogl seel. sohn, Leonhard Ranangl see. sohn, Leonhard Rönmagl see. söhn, Leonhart Könnäguls seel. sohn [warum sollte das derselbe sein??? AS], Leonhard Rönnangl see. Sohn"
898,Johann Georg Winter sel. Witwe,Joh. Geörg Winters seel. wittib
899,Girometti und Samuelli,"Geromette et Saumuelli, Gierometti und Samuelli, Giromedi et Saumuelli, h[erren] Gierometti et Amuelli"
900,Johann Tettenbachers Erben,"Johann Dettenpächerische erben, Dettenbacherische erben"
919,Johann Georg Weber und Christian Weber,"Johann Geörg und Chrüstian Wehber, Johann Geörg unnd Christ. Wehler"
903,Koch & Co.,Comp. unnd Koch
904,Johann Baptist Mayr sel. Erben,Johan Bapt. Mayrs sel. erben
905,Paur und Gabelier,"Paur und Gabelein, Paur und Gäbelin, Paur und Gabelier, Paur und Göbelier"
906,Girometti & Sohn,Giromete et sohn
969,Thomas Theodor Bergamin sel. Witwe,Thomas Theod. Bergamin see. wüttüb
908,Becceller und Kleeblättel,"Becceller und Kleplatl, Pecceler und Kleblätl, Beceler und Kleplotl, Becceler und Kleplätl"
909,Peter Zonni & Co.,Peter Zonni et comp.
910,Alexander Ambthofer sel. Erben,Alexander Ambthofers sel. erben
911,Heinrich Dressel und Johann Georg Dressel,Heinrich und Johan Geörg Dresl
912,Melsheimer & Co.,"Melsheimber et consordes, Melscheimber et consort."
913,Kopp und Koch,"Copp und Koch, Cop unnd Koch"
914,Buirette & Sohn,"Burette und sohn, Buirette und sohn"
915,Lacher und Hiendlin,"Locher und Hiendlin, Lacher und Hiendlin, Lacher und Hellin, Locher unnd Heinlin, Lacher unnd Heinling"
916,Rössler und Passy,"Röscher und Bassy, Rösler und Bossy, Rösler und Bassy"
917,Bartholomäus Gnädl sel. Erben,Bartlme Gnädl see. erben
918,Christoph Schweyer & Sohn,Chrüstoph Schweyer et sohn
921,Matthias Hofer sel. Erben,Mathias Hoffer see. erben
922,Kueffartische Erben,"Khueffartische Erben, Kueffnedter Erben, Kueffahrts sel. Erben, Kuefforthen sel. Erbn, "
923,Joseph Gugler sel. Erben,Joseph Guglers see. erben
924,Theodory & Sohn,Theotory et sohn
925,Florian & Co.,hr. Florian et comp.
926,Daniel Köllner sel. Erben,"Daniel Köllner see. erbn, Daniel Köller see. erben, Daniel Kollner seel. erbn"
927,Du Quanlan und Kaster,Du Quanlan und Kaster
928,Matthias Hofer sel. Witwe,Mathias Hoffer see. wüttib
929,Elias Alkofer sel. Erben,"Eliaß Alkhoffers see. erben, Elias Alckhoffers erbn, Elias Alkhoffers seel: erbn"
930,Andreas Mohr sel. Witwe,Andras Mohr see. wittüb
931,Clerr & Co.,"Clere und comp., Celer et comp., Clere et comp."
932,Leschutin und Kazlinger,"Leschutin und Kazlinger, Leschutin und Kuzlinger"
933,Johann Jaufart und Konrad Jaufart,Johann und Conrath Jauffert
934,Heilmann und Stametz,"Heilmann und Stainmez, Heyllmann und Stamern [?]"
935,Fandini und Badia,"Fandini et Badia, Sandini und Badia, Tantini de Baias, Fantini et Badia, Fantini et Badiaz"
936,Dupon und Coster,Dupon et Coster
937,Johann Baptist Mayr sel. Witwe,Johann Bap. Meyers see. wittüb
938,Jeremias Hetzner sel. Witwe,Jeremias Hezner see. wittüb
939,Veit Richter sel. Erben,Veith Richters see. erben
940,Christoph Fries sel. Sohn,Chüstoph Fryes see. sohn
941,Rausch und Kleininger,"Rausch und Kleininger, Thomas Rausch und Kleininger"
942,Matthias Wisinger & Co.,Mathias Wüssinger et consortes
943,Georg Schaumayr & Co.,Georg Schaumayr et consortes
944,Johann Zacharias Locher sel. Witwe,Johann Zacharias Lochers see. wittüb
945,Peith und Juchtes,"Peith und Jauchtes, Peyth und Juchtes, Peüth und Juchtes, Paitscht und Juchts"
946,Volkamer und Seutter,"Volethanner et Seüther, Vole Kammer und Seuther, Volkammer und Seuther"
947,Johann Preuer sel. Witwe,Johan Preuers seel. wittib
948,Spielberger und Klauser,Spillberger und Klausser
949,Thomas Fränzl sel. Erben,Thomas Fränzl see. erbn
950,Veit Richter sel. Witwe,Veith Richter seel. wittib
951,Karl Jakob Stier sel. Erben,Carl Jacob Stier seel. erben
952,Jaquet & Sohn,"Jaquet et sohn, Jaquard unnd sohn"
953,Kriner und Schmidhammer,Krimer et Schmithammer
954,Dupanlon und Kaspar,Dupanlans und Casper
955,Haubenstricker und Herbach,"Haubenstrickher und Verbach, Haubenstrükher und Herbach"
956,Hönig und Rieder,"Hönnig und Rieder, Höning und Rieder, Höning und Riederer, Honing et Piederer, König und Bieederer"
958,Georg Formbacher sel. Erben,Georg Fohrmpacher see. erben
959,Leonhard Rännagl sel. Erben,"Leonhard Römengls seel. Erben, Leonhard Reinangl see: Erben"
960,Bomord und Gebrüder,Bomar et gebrüueder
961,Coler & Co.,Coler et comp.
962,Johann Prelath & Co.,Johann Prelath et comp.
1621,Mides Ponllet,Mides ponllet
964,Johann Christoph Sind sel. Witwe,Johann Chrustoph Sundt see. wittüb
965,Dominicus Kaufmann sel. Witwe,Dominico Kaufmann see. wittüb
966,Georg Gollet & Co.,"Georg Gollet et comp., Georg Gallet et compag."
967,Gebrüder Gierette,Gierette gebrüeder
968,Georg Dempf sel. Witwe,Georg Dempf see. wüttüb
970,Thomas Fleinbacher sel. Erben,"Thomas Fleinpachers sel. erben, Thomaß Failbacher see: erben"
971,Rudolf Stadler sel. Erben,Rudolph Stadlers see. erbn
1427,Heppach Erben,Häppachs Erben
973,Schubert Ostmann,"Schuberdt Ostman, Schubardter Ostmann"
974,Johann Georg Hilleprand sel. Erben,Joh. Geörg Hilleprandt seel. erbn
976,Pierdimpfl und Forster,Püerdimpfl und Forsster
977,Alexander Zollikofer und Kaspar Zollikofer,Alex. und Caspar Zollükhoffer
978,Christoph Lotter und Johann Lotter,Christoph et Johann Lotter
979,Tobias Minich sel. Witwe,Thobias Minich see. wittüb
980,Johann Wilhelm und Johann Adam Selhammer,Johann Wilholmb und Hanns Adam Selhamber
981,Lischon und Paumgartner,Lischon und Paumgartner
982,Christ. Freysauf sel. Erben,Christ. Freysauf sel. erbn
983,Georg Schmid sel. Witwe,Georg Schmit sel. wittib
985,Joseph Servut und Bartholomäus Servut,Joseph und Bartl. Seruut
986,Georg Winter sel. Erben,Geörg Winters sel. erbn
987,Daniel Köllner sel. Witwe,Daniel Göllners sel. wittib
988,Daniel Kaiser sel. Erben,Daniel Keiser seel. erben
989,Andre Brentano Gironta & Co.,Andre Brentano Gironta et comp.
990,Melchior Drecher & Co.,Melchior Drecher et compag.
991,Christoph Freysauf sel. Sohn,"Chrüstoph Freyßauf see. sohn, Chrüstoph Freischauf seel. sohn"
992,Gebrüder Weber,Wehber Gebrüeder
993,Joseph Buirette & Sohn,Joseph Buirette und sohn
994,Johann Michael Lacher sel. Witwe,"Johann Michael Lachers see. wittüb, Johann Michael Lochin see. wittüb, Johann Michael Lechners see: wittib"
995,Pauminger und Wandaller,"Pauminger und Wendoller, Pauminger und Wandeler"
996,Veit Richter sel. Sohn,Veith Richters see. sohn
998,Johann Engelbrecht sel. Witwe,"Johann Englprechts see. wüttüb, Johann Englbrets wittib"
999,Leonhard Klafferer & Co.,Leonhard Klafferer et consort.
1000,Humperter Maistre de Lang.,Humperter Maistre de Lang.
1002,Diefenir Morchord,Diefenir Morchord
1003,Moser und Härtl,Mosser und Hörtl
1004,Georg Hagenauer und Bernhard Laiminger,Georg Hagenauer und Bernhard Laimbinger
1005,Johann Zehner sel. Erben,Johann Zehner seel. erben
1006,Jeremias Hetzner sel. Erben,Jeremiaß Hezner see. erben
1007,Johann Stock sel. Erben,Johann Stokh see. erben
1008,Arna und Pruckmann,Arna et Brukhmann
1009,Alexander Zollikofer und Georg Christ. Zollikofer,Alexander unnd Geörg Christ Zollighoffer
1010,Matthias Maurer & Co.,Mathias Maurer et cons.
1011,Kopp & Sohn,Copp und sohn
1013,Johann Jäger & Co.,Johann Jäger et consort. 
1014,Gebrüder Bolmy,gebrüeder Bolmy
1015,Anton Wincki sel. Erben,Antony Winckhj see. erben
1016,Hofmann und Streck sel. Witwe,Hofmann und Strekh see. wittüb
1017,Johann Kriner & Co.,Johann Khrüner et comp.
1018,Hofmann und Klinger,Hofmann und Klinger
1019,Johann Wendenzweig sel. Erben,Johann Wendtenzweig see. erben
1020,Miller und Moser,"Müller und Moseer, Müller unnd Moßer, Müller und Moßler, Moller und Moser"
1021,Carrara und Pianzoni,"Carrara et Piozzoni, Carrara et Piazoni"
1022,Werti und Leeb,Werty und Leeb
1023,Küttner und Holzer,"Küttner und Holzer, Küttner und Holzner"
1024,Ludwig Clerr sel. Witwe,Ludwüg Clerr seel. wittib
1025,Erbler und Wohlgemut,"Erbler und Wohlgemueth, Ebler und Wollgemueth"
1026,Gebrüder Ludes,Ludes gebrüeder
1027,Santini und Badia,"Santini et Badiaz, Sandini et Badia, Sandina et Badia, Fantini und Basdi"
1028,Wildner und Mayr,Wildner und Mayr
1029,Andreas Pittl sel. Witwe,Andreas Bittl see. wittib
1030,Vogler und Schazger,Vogler unnd Schazger
1031,Johann Lindner sel. Erben,Johann Lindters sel. erben
1032,Marx Nickl & Co.,Marx Nigl et consortes
1033,Sebastian Klöckl & Co.,Sebast. Klöckhl et consortes
1034,Johann Seybold und Sebastian Seybold,Johann und Sebastian Seybold
1035,Simon Daissenberger & Co.,Simon Daisenberger et cons.
1036,Wayd und Kraus,Wayd und Krauß
1037,Müller & Co.,hr. Müller et compag.
1038,Marquard & Sohn,Marquardt et Sohn
1039,Preuer und Pichler,Preuer et Bichler
1040,Franz Jakob Martinelli und Anton Martinelli,Franz Jacob unnd Ant. Martinelli
1041,Jakob Högwein sel. Erben,Jacob Högwein see. erben
1042,Johann Joseph Schweicker & Co. ,Hannß Joseph Schweiger et consortes
1043,Höcksteiner und Löhner,Höckhstainer unnd Löhner
1044,Paur und Zanchoni,Paur et Zanchoni
1045,Gotthard Ebmer & Co.,Gotthard Ebmer et consorth.
1046,Revena und Salliet,"Revenna et Saliert, Revenna et Salliert, Revenna de Salier, Revenna de Salliert, Levenna de Saliert"
1047,Kopp und Koch sel. Witwe,"Kopp unnd Koch seel. wittib, Copp unnd Kochs seel. wittib"
1048,Stapf und Kerschbaumer,"Stapf und Kerschpaumer, Stapf unnd Kerschpaumb"
1049,Mollard und Mohr,Mollard unnd Mohr
1050,De Beyne & Co.,Du Begne et compag.
1051,Zacharias Kriner und Schmidt,Zacharias Krinner et Schmüdt
1052,Georg Fagerer sel. Witwe,Georg Fagerer seel. wittib
1053,Andre Kirchmayr & Co,Andre Kirchmayr et consort
1054,Degeler und Fynn,"Degele unnd Fini, Degelor et Fün, Degeler und Finn, Degler und Fin, Degler et Finn, Jegeler und Fin, Deglor unnd Fünn"
1055,Johann Christoph Haas & Co.,Joh. Chrüstoph Haas et cons.
1056,Franz Bignetti sel. Erben,"Franz Bicletti seell. erben, Franz Buchetti seel. erben"
1057,Gebrüder Schmidtner,gebrüder Schmitmer
1058,Dimpfl und Degeler,Dimpffl und Degeler
1059,Jakob Schäcky sel. Erben,Jacob Schäckhi see. erben
1060,Stöger und Grämesreiter,"Stöger, und Grämbsreidter"
1061,Philipp Lang und Grisels,Philip Lang et Grisels
1062,Johann Niklas Ludwig sel. Erben,Johann Nicolas Ludwüg sel. erbn
1063,Urban Heck & Co.,Urban Heckh et cons.
1064,Johann Stein sel. Erben,Johann Steins seel. erben
1065,Ignaz Escher sel. Erben,Ignati Eschers seel. erben
1066,Jakob Held und Wilhelm Hegele,Jacob Heldt und Willhelmb Hegele
1067,Michael Joachim Wittmann sel. Erben,"Michael Joachim seel. erben, Michael Joachim Wittman see. erben"
1068,Taffinger und Beer,"Täfinger und Beer, Täfinger und Peerr"
1069,Gottfried Hautsch sel. Erben,Gottfriedt Hautschen seel. erben
1070,Johann Ehrenreich Rehrer sel. Witwe,Johann Ehrnreich Rehrers v. Wienn seel. wittib
1071,Jakob Blommart und Franz Blommart,Jacob und Franz Ployarth
1072,Andre Klaz & Co.,Andre Klaz et Compag.
1073,Johann Peter Wolff sel. Witwe,Joh. Peter Wolf seel. wittib
1074,Matthias Lechner sel. Erben,Matthias Lechner seel. erbn
1075,Rehrer sel. Witwe,Rehrers von Wienn seel. wittib
1076,Johann Jaccoud & Co.,Johann Jaccoud et Comp.
1077,Visconti und Kürcher,"Viscarti unnd Kürcher, Visconti et Kürcher, Viscanti et Chirches"
1078,Johann Leistner und Zacharias Leistner,"Johann unnd Zach: Leistner, Johann und Zacharias Leistner"
1079,Hubarth und Fiedler,Hubarth und Fiedler
1080,Hagen und Preindl,"Hagen und Breindl, Hagen und Brindl, Hagger und Preindl"
1081,Haas und Becker,Haaß unnd Beckher
1082,Johann Daniel Steffer sel. Erben,Joh. Daniel Steffer see. erben
1083,Erasmus Pichler sel. Erben,Eräßimus Bichler see. erben
1084,Georg Lotter und Christoph Lotter,Geörg und Christ: Lotter
1085,Schalkhammer und Johann Wittmann,Gschalchamber und Joh: Widtman
1086,Gebrüder Greiff und Johann Köpff,"gebrüeder Greif et Joh: Köpff, gebrüeder Greüff et Köpff"
1087,"Johann Hofer, Elias Sunzenauer, Urban Lechner, Simon Andlanger","Johann Hofer und Eliaß Sunsenauer von Wesenuefer, Urban Lechner und Simon Andlanger v. Englzehl"
1088,Daniel Piat sel. Witwe,Daniel Piatt seel. wittib
1089,Joseph Seiz & Co.,Joseph Seiz et cons.
1090,Gabriel und Frankl,Gabriel und Franckhl
1091,Franz Bignetti sel. Witwe,Franciscus Bignetti seel. wittib
1092,Daniel Steffer sel. Erben,Daniel Steffer see: erben
1093,Joseph von Tannenberg und Franz Bernhard Millau,Joseph freyherr von Tannenberg und Franz Bernhardt Millau
1094,"Valentin Langsteger (Klosterneuburg), Johann Koppenjäger (Linz)",Valenthin Langsteger v. Closter Neuburg unnd Johann Koppenjäger von Linz
1095,Michael Neuberger & Co.,Michael Neuberger et consortes
1096,Stephan Fischer und Georg Haslpaur,Stephann Fischer und Georg Haslpaur
1097,Wenzl und Zinessi,"Wennzl und Zinessi, Wenzl e Zenessini, Wenzl Conessi, Wenz und Zenessini"
1098,Paul und Gabalier,"Paul unnd Gäbälier, Baun und Gabalier"
1099,Wanger und Beyling,Wannger unnd Beyling
1100,Egidius Pfanzelt und Johann Paur von Augsburg,Egidi Pfanzelt unnd Hannß Paur von Augspurg
1101,Wilhelm sel. Witwe,Willhalmb seel. wittib 
1102,Johann Bernini und Gebrüder,Johann gebrüeder Bernini
1103,Martin Spitalmillner und Michael Gruber,"Marthin Spittallmillner, und Michael Grueber"
1104,Johann Georg Schalkhammer und Wittmann,Joh Geörg Schalhamber und Wittman
1105,Jakob Mayr sel. Erben,Jacob Mayr see: erben
1106,Christoph Lotter und Johann Georg Lotter,Chrüstoph und Joh. Georg Lotter
1107,Gebrüder Deller,"Deller gebrüeder, Beller gebrüeder"
1108,Lorenz Pogner & Co.,Lorenz Pogner et comp:
1109,Bernhard Rännagl sel. Sohn,Bernh. Rännagl see. söhn
1110,Ehrenreich Rehrer sel. Witwe,Ehrnreich Rehrers seel. wittib
1111,Johann Christoph sel. Sohn,Johann Chrüstoph sel. sohnn
1112,Jaccoud und Ghezzi,Jaccoud et Ghezzi
1113,Joseph Kaufmann & Co.,Joseph Kauffman et cons.
1114,Johann Zacharias Kriner & Co.,Johann Zacharias Krümer et comp.
1115,Sebastian Denk & Co,Sebastian Denkh et Compag.
1116,Georg Christoph Schmid sel. Witwe,Geörg Christ: Schmidt see: wittib
1117,Johann Prelath sel. Witwe,Johan Prelath see: wittib
1118,Johann Ulrich Stapf sel. Witwe,Johann Ulrich Stapff see: wittib
1119,Johann Storch und Franz Huber,Johann Storch unnd Franz Hueber
1120,Heinrich Zilliax sel. Erben,Heinrich Zilliax see: erben
1121,Wolf Jammerpaur sel. Witwe,Wolf Jamerpaur see: witib
1122,Mentl und Kaltschmid,Mentl unnd Kaltschmidt
1123,Johann Jakob Pfalzer sel. Erben,Johann Jacob Pfalzer see erben
1124,Jakob Deantaingnes sel. Witwe,Jacob Deantaingnes see: wittib
1125,Florentin und Tausch,Florenthin und Tausch
1126,Gebrüder Kraer,Kraer gebrüeder
1127,Paul Adan und Miller,Paul Adan und Miller
1128,Kolpacher und Tieth,Kolpacher unnd Tieth
1129,Reichard Wilhelm sel. Witwe,Reichard Wilhalmb von Steur seel: wittib
1130,Piat sel. Erben,"Piat. erben v. Passau, Piats seel. erben"
1131,Peter Margarat & Co.,Peter Margarat et compag.
1132,Leonhard Flacher & Co.,Leonhard Flacher et consort
1133,Johann Gruber und Veit Röckl,Hannß Grueber und Veith Räckhl
1134,Wolf Schieghofer und Magdalena Wörndlin,Wolf Schierckhofer und Magdalena Werndlin
1136,Gebrüder Buer,Buer gebrüeder
1137,Johann Paul Rössler sel. Erben,
1138,Feigl und Farquet,
1139,Georg Memler und Paul Memler,Geörg und Paul Memler
1140,Joseph Garucki und Gebrüder,Joseph Garuckhi und gebrüeder
1141,Kaspar Greiner und Horer,
1142,Thomas Schweiger & Co.,
1143,Marx Krueger sel. Witwe und Erben,Marx Grueger seel. wittib und erben
1144,"Johann Hofer von Wesenufer, Elias Sunzenauer von Wesenufer, Simon Andlanger von Engelhartszell","Johann Hofer unnd Eliaß Sunsenauer von Wesenuefer, item Simon Andlanger von Englzehl"
1145,Ramut und Bergin,Ramut unnd Bergin
1146,Peisser und Provino,Peisser und Provino
1147,Philip & Co.,Philio et comp: 
1148,Johann Fabichler sel. Witwe,"Joh. Fabichlers Wittib, Johann Fapichler seel. Wittib"
1149,Daniel Schlesinger und Gabriel Schlesinger,"Daniel und Gabriel Schlessinger, Daniel Gabriel Schlessinger"
1150,Georg Fahrenbacher sel. Witwe,Geörg Fahrnbachers seel. wittib
1151,Brentano Cimarolli und Brentano Martinelli,Brendano Cimeroli et Brendano Mardinelli
1152,Frei,
1153,Michael Redl & Co.,Michael Redl et consortes 
1154,Johann Christoph Meisgeyer sel. Witwe,Johann Chrüstoph Meyssgeyrs seel. wittib
1156,Martin Peyerl sel. Witwe,Marthin Peyrl see: wittib
1157,Gaun und Gablier,Gaun unnd Gablier
1158,Isaak Buirette & Sohn,Isaac Buirette unnd sohn
1159,Johann Botter und Georg Botter,Johann unnd Geörg Botter
1160,Jakob Martinelli und Anton Martinelli,Jacob unnd Ant: Martinelli
1161,Kraft und Silberdrexler,Kraft und Silberdrexler
1162,Christian Ozlberger und Georg Perger,Johann Georg Perger und Christian Ozlberger
1163,"Johann Hofer von Wesenufer, Elias Sunzenauer von Wesenufer, Urban Lechner von der Freizell","Johann Hoffer von Wesenu., Eliaß Sunzenauer alda unnd Urban Lechner von der Freyzehl"
1164,Matthias Bitl & Co,Madhias Bitl et Comp.
1165,Loschge und Benz,Loschge und Benz
1166,Heinrich Wögerpaur und Simon Stängl,"Hainrich Wögerpaur, unnd Simon Stängl"
1167,Philipp Jäger und Co.,
1168,Gebrüder Simtmer,Gebrüder Simtmer
1169,Martin Mauzenbeck & Co.,
1170,Martin Leger & Co.,Marthin Legar et consortes
1171,Joseph Brentano und Gebrüder,Joseph gebrieder Prentan
1172,Prandmayr & Co,Prandmayr et Cons.
1173,Wenzl und Kaltschmid,Wenzl und Kaltschmid
1174,Martin Spitalmillner und Johann Gruber,Marth: Spittalmillner und Joh: Grueber
1175,Lorenz Holland & Co.,Lorenz Hollandt et compag:
1176,Jakob Mayr & Sohn,Jacob Mayr et sohn
1177,Schmid und Haidnin,Schmidt unnd Haidtnin
1178,Johann Piere & Co.,Johann Piere et comp:
1179,Strötter und Eisenmayr,Strötter und Eisenmayr
1180,Konstantin Zinell und Johann Zinell,Constantin und Johann Zinell
1181,Grassy und Blattner,Grassy und Blattner
1182,Gebrüder Blommart,
1183,Gebrüder Carl,Carl Gebrieder
1184,Erhard Stegmann sel. Witwe,Erhard Stegman see: wittib
1185,Johann Lamprecht sel. Witwe,Johann Lemprechts sel. wittib
1186,Zacharias Kriner und Johann Georg Schmidt,Zacharias Krümer und Johann Geörg Schmit
1187,Gebrüder Manter,Mandter
1188,Johann Christ Felbinger sel. Witwe,Johann Christ: Felbinger see: wittib
1189,Georg Kamistorfer und Matthias Fixlmillner,Geörg Kamistorffer unnd Mathias Fixlmillner
1190,Martin Plöckinger & Co.,
1191,Johann Rapp & Co.,Joh. Rapp von Fellhamb et consortes
1192,Thomas Klammer & Co.,Thoman Khlamer et cons:
1193,Christoph Wunderl & Co.,Christoph Wunderl et consortes
1194,Ambrosius Peck & Co.,Ambroß Peckh et cons:
1195,Christoph Leithner & Sohn,Christoph Leithner et sohnn
1197,Michael Mayr & Sohn,Michael Mayr und sohn
1196,Chavanne Coendos,
1198,Johann Georg Fischer sel. Witwe,
1199,Johann Prauster und Illing,Hannß Prauster et Illing
1200,Jakob Johann Steck und Heinzlmann,Jacob Hanß Steckh et Hainzlmann
1201,Johann Wolfbaur & Co.,
1202,Jakob Buggel & Co.,Jacob Pugl et Compagnie
1203,Joseph Desser & Co.,Joseph Deßer et Compagnie
1204,Johann Michael Vorauer & Co,Johann Michael Vorauer et consor.
1205,N. Sensen & Co,N. Sengsten et compag.
1206,Johann Bader & Co.,
1207,Georg Gruber sel. Erben,
1208,Mayrhofer und Kriegner,
1209,Wöcker und Miller,Wökher und Müller
1210,Tognio und Gianni,
1211,Gallus Wittich sel. Witwe,Gallus Wüttich see. wittüb in der Michl
1212,Johann Kaspar Payr sel. Witwe,Johann Caspar Peyr see. wittüb
1213,Michael Hartmader & Co.,
1214,Seiter und Kidinger,Seiter und Kidinger
1215,Werth und Graf,
1217,Franz Pachner sel. Witwe,
1218,Gabriel Adam,
1219,Georg Vetter & Co,Georg Vetterl et consort
1220,Matthias Plöderl & Co.,
1221,Ferdinand Hilz & Co.,ferdinand hilz et compag.
1222,Johann Georg Hilleprand sel. Witwe,johann georg hilleprandt sel. wittib
1223,Schwarz sel. Witwe,Schwarz selig. wittib
1224,Ruprecht Schwarz sel. Witwe,rueprecht schwarz sel. wittib
1225,Johann Christoph Haas sel. Sohn,johann chrüstoph haas sel. sohn
1226,Lechner und Cortellini,"Lechner und Cortellini, Lechner und Cortellin, Lechner und Castellini"
1227,Thomas Räbütz sel. Witwe,thomas rübüz selig. wittib
1228,Egger und Babtisch,"Egger und Bäbtisch, Egert und Babtist, Egger und Babitsch, Egger und Labitsch"
1229,Brentano & Co.,Brentano et Compag.
1230,Giosephi und Tortellini,Giosephi et Tortellini
1231,Johann Kaspar Reger sel. Witwe,Johann Caspar Regers see. Wittüb
1233,Georg Kaufmann & Co.,Georg Kaufman et cons.
1234,Michael Binder & Co.,Michael Pinder et consort.
1235,Segalla und Bingingini,Segalla et Bingingini
1236,Ludwig Pürckl & Co,Ludwig Pürkhl et consort
1237,Nuderon und Christopheri,Nuderon und Christopheri
1238,Peter Jäger & Sohn,Peter Jäger und Sohn
1239,Joseph Kreuzmayr & Co,Joseph Kreuzmayr et consort
1240,Lorenz Paumgartner und Matthias Marmillner,Lorenz Paumgarttner und Matthias Mahromillner
1241,Rehrer und Wishofer,Rehrer und Wißhoffer
1242,Christoph Kohlhofer sel. Witwe,chrüstoph kolhoffer sel. wittib
1243,Stockinger und Erben,stokhinger und erben
1244,Daniel Huber sel. Erben,Daniel Hueber see. Eeben
1245,Weber und Gebrüder,Wehber und Gebrüeder
1246,Benrete & Sohn,Benrete[?] et Sohn
1247,Johann Wilhelm und Johann Adam Selhammer sel. Witwe,Johann Wilholmb und Hanns Adam Selhammer sel. wittib
1248,Johann Wilhelmseder sel. Witwe,johann wilholmeder sel. wittib
1249,Erasmus Räckl & Co.,erasmus rächl et cons.
1250,Alkofer sel. Erben und Drecher,"Alkhofers erben und Dracher, Alkhofers erben und Drecher"
1557,Hesse und Walk,Hesse und Walkh
1252,Alexander Clerr sel. Erben,Alexander Clere see. erben
1253,Altlechner und Leeb,altlechner und leb
1254,Heimerl und Hochmayr,Heymerl und Hochmayr
1255,Johann Wilhelm sel. Witwe,johann wilholmb sel. wittib
1256,Visconti und Fischer,visconti und vischer
1257,Jakob Mayr sel. Witwe,jacob mayr sel. wittib
1258,Anton Stapf & Co.,Antony Stapff et consort.
1512,Mezger und Naß,Mezger und Naß
1261,Johann Hackstock & Co.,johann kakhstekh et comp.
1262,Zacharias Franz Erben & Co.,zach: frannz erb und consort.
1263,Sebastian Seiz und Michael Seiz,Sebastian und Michael Seüz
1264,Matthias Vogl sel. Witwe,matthias vogl sel. wittib
1265,Johann Streck sel. Witwe,johann strekhs sel. wittib
1266,Peter Meyrl sel. Erben,peter meyrl selig. erben
1267,Daniel Piat sel. Erben,Daniel Biot sel. erben
1268,Matthias Vogl sel. Erben,matthias vogl selig. erben
1269,Jeremias Stengler sel. Witwe,jeremias stengler selig. wittib
1270,Johann Prunnermayr & Co,Johann Prunermayr et Cons.
1528,Zacharias sel. Erben,Zacharias sel. Erben
1272,Abraham Schmid sel. Witwe,Abrahamb Schmidts se: wittib
1273,Wolf Stephan Bölhofers sel. Witwe,Wolf Stephan Bölhoffers see: wittib
1274,Johann Ebermayr sel. Erben,Johann Ebermayers seel. Erben
1275,Mayr und Hölzl,Mayr und Hölzl
1276,Arbaur und Bassardi,Arbaur et Basardi
1277,Johann Georg Weber & Co.,johann georg wehber et compag.
1278,Johann Stein sel. Witwe,Johann Steins seel. Witwe
1279,Michael Pacher sel. Witwe,Michael Bacher see: wittib
1280,Christian Schmid & Co,Christian Schmid et cons.
1281,Georg Leithner & Co.,"Georg Leithner & consort, Georg Leithner stainmezmaister et consort."
1282,Michael Schlesinger & Co,Michael Schlesinger et consort.
1283,Leonhard Memborth & Co,Leonhard Membbard et cons.
1284,Civa Cetto & Co.,Cina Cetto et compg.; Biva et Cetto et compag.
1285,Rachel und Hentschel,Rachel und Hentschel
1286,Ottavio Pestalozzi & Co.,Ottauio Pestoluz et Comp.
1287,Mezler und Naß,Mezler und Naß
1288,Gebrüder Servaty,"Servaty Gebrieder, Servoty Gebrieder"
1290,Hofmann und Streck,Hofmann und Strekh
1291,Bernhard Ziegler & Co.,bernhard ziechler et compag.
1292,Martin Gnäz sel. Witwe,martin gnäz selig. wittib
1293,Gebrüder Schweyer,
1295,Buol und Schmid,
1296,Andre Haslbeck sel. Witwe,andr haslpökh selig. wittib
1297,Dimpfl und Forster,Dimpffl und Forster
1298,Amadei sel. Erben,herr Amadei seel. erben
1299,Daniel Kurz sel. Erben,
1300,Hecht & Co,
1301,Gischl und Glaser,güschl und glaser
1539,Hecht und Frobonig,
1303,Sebastian Oberhuber sel. Erben,Sebastian Obernhueber seel. Erben
1304,Eisenkohl und Mayr,"Eysenkhol und Mayr, Eißenkoll und Mayr"
1305,Johann Rehrer sel. Witwe,
1306,Georg Diernbacher sel. Witwe,Georg Triembpacher sel. wittib
1307,Kaspar Würth sel. Witwe,
1308,Heimerl und Mayr,Heymerl und Mayr
1309,Thomas Schwänkl & Co. ,Thomas Schwänkhl et consorth. 
1310,"Johann Hofer von Wesenufer, Urban Lechner von der Freizell",
1311,Martin Laiminger & Co. ,Martin Laimbinger et Cons.
1499,Gabriel Jenisch sel. Witwe,Gabriel Jenisch seel. Wittib
1313,Johann Baptist Thann sel. Witwe,Johann Batta. thann seel. wittib
1314,Johann Fölkerer & Co,Johann Fölckerer et Consortes
1315,Weber und Wohlgemut,weber und wohlgemueth
1316,Johann Christoph Haas sel. Erben,johann chrüstoph haas sel. erben
1317,Georg Prenz sel. Erben,georg pränz selig. erben
1318,Volkamer und Münch,Voukamer und Minich
1319,Wolf Windhaager & Co,Wolf Wündhaager et Consortes
1320,Falquet und Puthon,Falquet und Puthon
1321,Johann Wilhelm Hauber sel. Erben,Johann Wilhalbm Haubers seel. Erben
1322,Haas & Co.,Haas et Consorten
1323,Miroli und Praun,Miroli & Praun
1324,Gebrüder Burger,Gebrüed Burger
1325,Heinrich Krochmann sel. Erben,Heinrich Krochmann seel. Erben
1326,Renz und Bader,Renz und Pader
1327,Dallensteiner und Löschenkohl,Dolnstainer und Leschenkalch
1328,Stephan Hölzl sel. Witwe,Stephan Hölzl see: wittib
1329,Leeb sel. Erben,Leeb seel. Erben
1330,Gebrüder Pollner,Gebriieder Pollner
1331,Kraus und Sandner,Krauß und Sandtner
1332,Johann Storch und Adam Eckmayr,Johann Storch und Adam Ekmayr
1333,Andre Paul Jörger & Co.,Andre Paul Jörger et Comp.
1335,Johann Cleas sel. Erben,Hans Cleaß seel: erben 
1336,Wagner und Geilang,Wagner und Geilang
1337,Paumillner und Wandaller,Paumillner und Wanthaller
1338,Heredi Giosephi,Heredi Giosephi
1339,Matthias Kögler sel. Erben,Matthias Köglers seel. erben
1340,Georg Hagenauer sel. Witwe,Georg Hagenauer seel. Wittib
1341,Franz Pachner sel. Erben,Franz Pachner seel. Erben
1342,Gandi & Co,Gandy et compag.
1343,Brentano Cimarolli & Co.,Brentano Cimeroli et comp.
1344,Johann Kirchhofer sel. Erben,Johann Kirchhofers seel. Erben
1345,Karl Kampmiller und Adam Kampmiller,Carl und Adam Kampmüllner
1346,Valentin Friesleder & Co.,
1347,Johann Alkofer und Drecher,Johann Alkhoffer et Drecher
1348,Christoph Punz & Co.,
1349,Eisenreich & Co.,Herr Eisenreich et consortes
1350,Barastini & Co.,Barrastini et Comp.
1351,Wolf Diernreither & Co.,Wolf Diernreither et Consortes
1352,Johann Alkofer sel. Erben,"Johann Alkofer seel. erben, Johann Alkhofers erben"
1353,Jakob Pilgram & Co.,Jacob Bilgramb et con.
1354,Adam Vogl und Ostermayr,
1355,Georg Glock & Co.,Georg glokh et consorth.
1356,Gottlieb Ziegler & Co,Gottlieb Ziegler et consort
1357,Joseph Dellisier & Co.,
1358,Andre Kircher & Co.,
1359,Perinet und Violand,Perinet und Violand
1360,Ghezzi und Jaccoud,"Ghezzi et Joccoud, Ghezzi und Jaccoud"
1361,Michael Schick sel. Erben,"Michael Schükh seel. Erbn, Michael Schekhs seel. erben, Michael Schükh seel. erben"
1362,Joseph Höcksteiner sel. Erben,Joseph hökhstainer seel. Erbn
1363,Alkofer sel. Erben,"Alkhofers seel. erben, Alkhhoverische erben, Althoverische erben"
1364,Joseph Pellissier & Co. ,Joseph Pellissier et compag. 
1365,Strötter und Mayr,Strötter und Mayr
1366,Cimarolli und Monticelli,Zimerolli et Monticell
1367,Georg Koller sel. Witwe,georg koller seel. wittib
1368,Michael Memborth & Co.,
1369,Martin Mallinger & Co.,
1370,Andreas Pettenkofer sel. Witwe,
1371,Leopold Rehrer und Wishofer,Leopold Rehrrer und Wißhofer
1372,Friedrich Gehrl & Co.,Fridrich Gehrl et consortes
1373,Elias Damayr sel. Witwe,Elias Damayr seel. Wittib
1374,Franz Beget & Co.,Francois Beget et comp.
1375,Jakob Preuninger sel. Witwe,Jacob Preuningers seel. Wittib
1376,Götz und Klauber,göz et glauber
1377,Franz Piolley & Sohn,Franz Piolley et Sohn
1467,Georg Richermo & Co. ,Georg Richermo et compag. 
1379,Joseph Sailer & Co.,Joseph Sailler et consort
1380,Sereni und Consoni,Sereni et Consoni
1381,Johann Perinet und Violand,Johann Perinet et Violand
1383,Paul Freudenberger (Passau) und Johann Georg Götz (Grein),paul freudenberger v. passau und johann georg göz v. grein 
1384,Peter Frelet sel. Witwe,Peter Frelet see: Wittib
1385,Hecker und Schlesinger,hekher und schlessinger
1386,"Johann Anton Jäger (Pressburg), Franz Edlmann (Laufen), Michael Schedlberger (Ottensheim)",
1387,Joseph Schaubner & Co.,Joseph Schaubner et Cons:
1389,Mayrhofer Erben,mayerhofersche erben
1390,Joseph Selhammer sel. Witwe,
1391,Lukas Kern und Paul Freudenberger,Lucaß Khern und Paul Freudenberg von Passau
1392,Georg Nuss & Co.,
1393,Johann Wilhelm Pögl sel. Witwe,Johann wilhalbm Pögels seel. wittib
1394,Sereni & Co.,Sereni et compag.
1395,Herz und Lehmann,Herz und Lechmann
1396,Stephan Stahrnberger sel. Erben,Stephan Stahrenberger v. Casten seel. Erbn
1397,Johann Aggerer sel. Witwe,Johann Aggerer seel. Wittib
1398,Toscano & Co.,Toscano und compag.
1399,"Johann Hofer (Wesenufer), Urban Lechner (Freizell), Ferdinand Dorner (von der Mühl)",
1400,Jakob Prumbingers sel. Erben,Jacob Prumbingers seel. Erbn
1401,Küner & Co.,Khüner und compag. 
1402,Wagner und Ferner,Wagner und Ferner
1403,Delffenreiter und Co.,Delffenreid et Cons
1404,"Anton Jäger (Pressburg), Michael Schedlberger (Ottensheim)",Antoni Jäger von Prespurg und Michael Schedlberger von Ottenshaimb
1405,Paul Schedlberger und Matthias Viechtbauer,Paul Schedlperger v: Ottensheim und Mathias Viechtpaur von Linz
1406,Christoph Alkofer sel. Erben,Christoph Alkhofers seel. erbn
1407,Rathgeb sel. Erben,herr Rathgeeb seel. erben
1408,Johann Prielmayr & Co,Johann Prielmayr et consorth
1409,Matthias Wolff sel. Erben,Madhias Wolff seel. Erben
1410,Bartholomäus Bartholomäi & Sohn,bärtlme bartholomei und sohn
1411,Franz Weiss sel. Witwe,Franz Weyss seel. wittib
1412,Müller und Marquet,Müller et Marquet
1413,Gaun und Münch,"Gaun und Minich, Gaune et Münich"
1414,Goller und Pressl,Goller und Pressl
1416,Karl Kampmiller und Adam Kampmiller,Carl und Adam Kampmüllner
1417,Wagner und Weyling,Wagner und Weyling
1418,Matthias Perndl & Co.,Matthias Perndl et Cors.
1420,Simon Weni & Co.,Simon Wein et cons.
1422,Balthasar Plazer sel. Erben,Balthasar Plazer seel Erbn
1423,Christian Altschmid sel. Erben,
1424,Blasius Weber und Roman Weber,Blasius et Romanus Wöber
1425,Kriner & Co.,"Herr Kiener & Co., Kinner et compag."
1426,Georg Binder & Co,Georg Binder et consort
1428,Christoph Lettinger & Co.,Chrüstoph Lettinger et Cons:
1429,Güsser und Preissl,Güsser und Preysell
1431,Georg Friedrich Lindt & Sohn,Georg Fridrich Lindte und dessen sohn
1432,Bernhard Rechenmacher & Co,Bernhard Rechenmacher et consort
1433,Michael Steininger & Co,Michael Staininger et consort
1434,Garaus und Hölzl,Garaus und Hölzl
1435,Johann Eibeck sel. Witwe,hanns eybekh selig. wittib
1436,Stephan Herzog und Johann Berger,stephan herzog und johann berger
1438,Heinrich Schweland & Co.,heinrich schwelandt et compag.
1439,Michael Huber sel. Erben,michael hueber sel. erben
1440,"Michael Scheibenbogen, Ignaz Haßperger (beide Schiffmeister in Linz)",Michael Sheibenpogen und Ignati Haßperger beede schiffmaister von linz
1441,Christoph Freysauf sel. Erben,Christoph Freyßau seel. Erben
1442,Franz Adam Hofer sel. Witwe,Franz Adam Hofer seel. wittieb
1443,Philipp Kiblböck & Co.,
1444,Georg Schmid & Co.,
1445,Egidius Adam und Ferdinand Adam (Obernzell),Egidy und Ferdinand Adam von Obernzell
1446,Simon Staudinger & Co.,
1448,Georg Mayr sel. Witwe,
1449,Wenzler und Maiz,wenzler und mais
1548,Kiner und Lender,Kiner und Lender
1451,Appold und Gnädl,Apoldt und Gnändl
1452,Johann Härtl & Co.,
1453,Franz Bruna sel. Erben,franz bruna sel. erbn
1454,Leistner und Lorenz,Leistner und Lorenz
1455,Valentin und Andre Erben,valenthin und andr erben
1456,Ferdinand Wührer sel. Witwe,ferdinand wührer selig. wittib
1457,Michael Joachim Weickmann sel. Witwe,michael joachim weükhman selig. wittib
1458,Johann Peter Wolff sel. Erben,100 (1716) fol. 250
1460,Butterna und Amort,Wutterni und amort
1461,Gebrüder Schnidmann,
1462,Höller und Wallsdorf,Höllern und Wallstorff
1463,Joh. Lublin und Söhne,Joh. Lublin und Söhn
1464,Johann Wolfgang Hilleprand sel. Witwe,Joh. Wolfgang Hilleprand see. wittib
1465,Johann Koppenjäger sel. Erben,Johann Koppenjäger see. erben
1629,Zacharias Läu sel. Erben,Zachariaß Läu see. erben
1468,Gebrüder Ludwig,Ludwüg Gebrüeder
1469,Simon Räckl und Michael Mayr,Simon Rächl und Michael Meyer
1470,Rathgeb sel. Sohn,herr Rathgeeb seel. sohn
1471,Franz Balde sel. Witwe,Franz Baldte sel. wittib
1472,Stephan Herzog und Johann Ebenhöch,Stephan Herzog und Johann Ebenhech
1473,Christoph und Andreas,Christoph et Andreas
1474,Höcksteiner sel. Erben,Hökhsteiner seel. Erben
1475,Therring und Eccard,Therring und Eccard
1476,Stobl und Heigel,Stobl und Heygel
1477,Johann Christoph Mosbach und Jakob Silberpaur,Johann Chrüstoph Mossbach und Jacob Silberpaur
1478,Rothgeb & Co.,"Rothgelb et comp., Rothgeb und compagnie, Radtgeb unnd compagnia"
1479,Johann Michael Schiller & Co.,Hanns Michael Schiller et cons. 
1480,Wagner und Stayling,
1481,Johann Christoph Alkofer sel. Erben,Joh. Christoph Alkhofers seel. erben
1482,Beham und Hilleprand,Böhaimb und Hillebrand
1483,Christoph Dallensteiner & Co. ,Christoph Dolnstainer et consort
1484,Johann Christoph Dallensteiner & Co. ,Joohann Christoph Dolnstainer et cons.
1486,Hilleprand und Isenflamm,Hilleprand und Isemflamb
1487,Forster und Gebrüder,Forster und Gebrüeder
1488,Johann Scheugl und Philipp Scheugl,Johann und Phillipp Scheugl
1489,Balvi und Triponer,Balvi und Triponer
1490,Jean und Cesar,Jeann et Cesar
1491,Maria Susanna Jäcklin sel. Erben,Maria Susanna Jäkhlin sel. Erbn
1492,Gebrüder Courtet,Courtett Gebrüder
1493,Gebrüder Lastropo,
1494,Leonhard Giseti & Co.,Leonhard Giseti et comp.
1495,Matthias Kögler & Co.,Matthias Kögler et consortes
1496,Haglauer und Köbis,Haglauer et Köbis
1497,Johann Rathgeb sel. Sohn,Johann Rathgeeb seel. sohn
1498,Wermann Söhne,Wermanns Söhne
1500,Herr Michael sel. Erben,h. Michael seel. erben
1501,Thomas Theodor Gmainer sel. Erben,Thomas Theodor Gmainer se. Erbn
1502,Johann Reisinger & Co.,johann reisinger et compag. 
1503,Jakob Miller & Co.,Jakob Müller & Consorth
1505,Sebastian Paumann sel. Witwe,Sebastian Pauman sel. Wittib	
1506,Franz Sacudero sel. Witwe,Franz Sacudero [?] sel. wittib
1507,Miller & Co.,
1508,Kaspar Freysauf sel. Sohn,Caspar Freyßauf see: Sohn
1509,Ignaz Christoph sel.,Ignati Chrüstoph see:
1510,Johann Zehner sel. Witwe,Johann Zehners seel: Wittib
1511,Brigga und Krachner,Brigga und Krachner
1513,Johann Wagner sel. Witwe,Johann Wagner seel. wittib
1514,Matthias Nagl & Co.,Matthias Nagl et cons. 
1515,Dimpfl & Co.,herr dimpfl et cons.
1517,Stellwag und Rieder,Stellwag und Rieder
1518,Andre Tribaumer sel. Witwe,Andre Tribaumer seel. wittib
1519,Herr Tribaumer sel. Erben,h. Tribaumer seel. erben
1520,Samuel Preidl sel. Witwe,Samuel Preidls seel. wittib
1521,Johann Georg Grones & Co.,Johann Georg Grones et compag. 
1522,Martin Breitwieser und Michael Zehetner,Marthin Braithwisser und Michael Zehetner
1523,Herr Tribaumer sel. Witwe,h. Tribaumer seel. wittib
1524,Johann Fachpichler sel. Erben,Johann Fapichlers sel. Erben
1526,Strobl und Wolauff,Strobl und Walauf
1527,Johann Abele & Co.,Hanns Äbele et Consort
1529,Courtet und Abrie,Courtet de Abrie
1530,Zechini und Jäger,
1531,Wolf Gebrüder und Johann Gebrüder,Wolf und Johann Gebrüeder
1532,Gebrüder Wolf,
1533,Wagner und Kollerin,
1534,Wagner und Pozling,Wagner und Pozling
1535,Georg Hilleprand sel. Witwe,Georg Hilleprand seel: Wittib
1536,Elias Näzer sel. Erben,Elias Näzer seel. erbn
1537,Gebrüder Wolf Marina und Jakob Marina,Wolf et Jacob gebrüder Marina
1538,Bernhard Bernini und Gebrüder,
1540,Wagner und Koller,
1541,Gmainer sel. Erben und Mayrhofer,
1542,Jünger und Stephani,
1543,Wolfgang Marina und Gebrüder,Wolfgang Gebrüder Marina
1544,Wolfgang Marina Gebrüder,
1545,Johann Claudius Rua sel. Witwe,
1546,Finale Erben und Angerer,Finol. erben und Angerer
1547,Simon Echtler & Co.,Simon Echtler et cons.
1549,Johann Christoph Fries sel. Erben,Johann Christoph Fries see. erben
1550,"Lukas Kern, Paul Freudenberger, Ruprecht  Höck, Christoph Pichler",
1551,Peetz und Pazer,Peez und Pazer
1552,Anton Mayr sel. Witwe,Antoni Mayrs seel. wittib
1553,Resch & Co.,Resch et compag.
1554,Peisser & Co.,Peisser et compag.
1555,Johann Franz Chessel & Co.,Johann Franz Scheschell et cons.
1556,Niklas Mihal und Mihal Christoph,Nicola Mihal et Mihal Christph türh. underthann.
1558,Johann Schwalb & Co.,Johann Schwalpp et cons.
1559,Dellmor & Co.,Delmor et compag.
1560,"Kriner, Schmidt und Scheidlin","Krimmer, Schmid und Scheidlin"
1561,Rey & Co.,Rey et compagn.
1562,Joseph Schwab & Co.,Joseph Schwab et compag.
1563,Joachim Negri & Co.,Joachim Negri et compag.
1564,Georg Delarve & Co.,Georg Delarve et compagn.
1567,Konrad Peetz und Bader,Conrad Peez und Bader
1568,Stremmer et Barcido,Stremmer et Barcido
1569,Martin Wild & Co.,Martin Wildt et consort.
1570,Legalla und Pigongini,Legalla e Pigongini
1571,Jakob Schultes & Co.,pr. schöffmann et consort.
1572,Johann Käsbauer & Co.,pr. schöffman et consort.
1573,Michael Held & Co.,pr. scheffman et compag.
1574,Thaddäus Clanes Fratelli,Fratelli Thadeo Clanes
1575,"Daissenberger, Pliem & Co.",Daissenberger Pliemb et compag.
1576,Gundian sel. Witwe,Gundian sel. wittib
1577,"Michael Dullermann (Seiler), Jakob Forster (Seiler)",Michael Düllerman und Jacob Forster beede sailler
1578,Georg Schlüter und Martin Happach,Georg Schlitterer und Martin Happach
1579,Johann Christoph Haas & Söhne,Johann Chrüstoph Haaß et sohn
1580,Johann Baptist Bolza und Johann Peter Bolza,Johann Bapt. und Joh. Peter Bolssa
1581,Biolliy Gandi & Co.,Biolliy Gandy et compag.
1582,Georg Heinrich Ritter und Johann Friedrich Göll,Georg Hainrich Ritter und Johann Friderich Göll
1584,Georg Brentano & Sohn,Georg Brentono et sohn
1585,Santini Bussy,Santini Bussy
1586,de Monfre Erben,heritiers de Monfre
1588,Christoph Hager & Co.,Chrüstoph Hager v. Gmunden et cons.
1589,Johann Jakob Grübl und Sebastian Grübl,Johann Jacob und Sebastian Grüebl
1590,"Michael Paur (Augsburg), Johann Pfanzelt (Augsburg)",Michael Paur und Hannß Pfanzelt v. Augspurg
1591,Daniel Kaiser sel. Witwe,Daniel Keyser seel. wittib
1592,Franz Joseph Ferner sel. Witwe,Franz Joseph Fehrner seel. wittib
1593,Johann Philipp Hermes & Söhne,Joh. Philipp Hermes und söhn
1594,Kaspar Würth sel. Söhne,"Caspar Würths sel. söhne, Caspar Würth sel. sohn, Caspar Würths seel. söhn"
1595,Johann Endter sel. Söhne,Joh. Endters sel. söhne
1596,Schäzl & Co.,Schäztl et Comp.
1597,Peter Mangerat & Co.,Peter Mangerat et compag.
1598,Constanz und Jungwirt,"Connstannz und Jungwührt, Constantin v. Jungwührt, Constanz und Jungwührt"
1599,Georg Gutermann und Jakob Friedrich Gutermann,Geörg und Jacob Frid. Gutterman
1600,Blasius Enzinger und Matthias Grämesreiter,Plaßius Enzinger und Matthias Grämbsreither
1601,Blasius Enzinger und Johann Wögerpaur,Blasy Enzinger und Johann Wögerpaur
1602,Cavelet und Obvie,Cavelet und Obvie
1603,Diversini Ardin,Diversini Ardin
1604,Abraham Schlesinger und Daniel Schlesinger,Abrahamb und Daniel Schlessinger
1605,Johann Partheter & Co.,Hannß Parthether et consortes
1606,Kelbius und Muzs,Kelbius et Muzs
1607,Michael Hofer sel. Witwe,Michael Hofer sel. wittib
1608,Tognola und Nissolo,Tognola et Nisola
1609,Clerr und Vieux,Clere et Vieux
1610,"Johann Hofer (Wesenufer), Paul Eggersdorfer (von der Ranna), Simon Andlanger (Engelhartszell)","Johann Hoffer v. Wesenurfahr, Paul Eggenstorffer in der Ranna und Simon Andlanger v. Englzehl"
1627,Zuana sel. Erben,Zuanna see. erben
1611,Kaspar Reilhau Sohn und Eidam,Caspar Reilhau sohn und eydam
1631,P. Kit & Co.,P. Kit et compag.
1612,Arbaur Dassardi,Arbaur Dassardi
1613,Johann Holzpaur und Ulrich Frizl,Hanß Holzpaur und Ulrich Frizl
1614,Schuckische Erben,N. Schukhische erben
1615,Rathgeb & Co.,Radgöb et compag.
1616,Gio und Maniad,Gio et Maniad
1617,Felbinger und Wenzel,Felbinger et Wenzel
1618,Stapf & Co.,Stapf und compagnia
1619,Giuseppe & Fratelli,"Giosepe et fratelli, Gioseppi Fratelli"
1620,Gnädl sel. Erben,Gnädl sel. erben
1622,Georg Winter sel. Witwe,Georg Winter see. wittüb
1623,Gotthard Pucher und Georg Mandl,Gotthard Buecher und Geörg Mandl
1624,Christ. Vurtscher & Co.,Christ. Vurtscher et consortes
1625,Buirette und Söhne,Buirette unnd söhn
1626,Johann Hofer und Elias Sunzenauer,Johann Hofer unnd Eliaß Sunsenauer
1628,Schmidt und Haiden sel. Witwe,Schmidt und Haiden see. wittib
1630,Niklas Revena und Salliet,Nicolaß Ravena et Saillirt
1632,"Zacharias Gerl (Neuhaus, 1652), Thomas Gerhardinger (Obernzell, 1652)",
1633,von Pöllern und Wolfstorff,von Böllern und Wolfstorff
